-- phpMyAdmin SQL Dump
-- version 4.8.3
-- https://www.phpmyadmin.net/
--
-- Host: 127.0.0.1
-- Generation Time: Apr 16, 2023 at 05:17 PM
-- Server version: 10.1.36-MariaDB
-- PHP Version: 5.6.38

SET SQL_MODE = "NO_AUTO_VALUE_ON_ZERO";
SET AUTOCOMMIT = 0;
START TRANSACTION;
SET time_zone = "+00:00";


/*!40101 SET @OLD_CHARACTER_SET_CLIENT=@@CHARACTER_SET_CLIENT */;
/*!40101 SET @OLD_CHARACTER_SET_RESULTS=@@CHARACTER_SET_RESULTS */;
/*!40101 SET @OLD_COLLATION_CONNECTION=@@COLLATION_CONNECTION */;
/*!40101 SET NAMES utf8mb4 */;

--
-- Database: `logistics`
--

-- --------------------------------------------------------

--
-- Table structure for table `table_attribute`
--

CREATE TABLE `table_attribute` (
  `id` int(10) NOT NULL,
  `id_parent` int(11) DEFAULT '0',
  `name` varchar(255) COLLATE utf8_unicode_ci DEFAULT NULL,
  `attribute` varchar(50) COLLATE utf8_unicode_ci DEFAULT NULL,
  `photo` varchar(1024) COLLATE utf8_unicode_ci DEFAULT NULL,
  `price` int(11) DEFAULT '0',
  `old_price` int(11) DEFAULT '0',
  `number` int(3) DEFAULT NULL,
  `status` varchar(100) COLLATE utf8_unicode_ci DEFAULT NULL,
  `type` varchar(50) COLLATE utf8_unicode_ci DEFAULT NULL
) ENGINE=MyISAM DEFAULT CHARSET=utf8 COLLATE=utf8_unicode_ci ROW_FORMAT=DYNAMIC;

-- --------------------------------------------------------

--
-- Table structure for table `table_category`
--

CREATE TABLE `table_category` (
  `id` int(11) NOT NULL,
  `id_lv1` int(11) DEFAULT '0',
  `id_lv2` int(11) DEFAULT '0',
  `id_lv3` int(11) DEFAULT '0',
  `name` varchar(255) COLLATE utf8_unicode_ci DEFAULT NULL,
  `tenkhongdau` varchar(255) COLLATE utf8_unicode_ci DEFAULT NULL,
  `photo` varchar(255) COLLATE utf8_unicode_ci DEFAULT NULL,
  `date_created` int(11) DEFAULT '0',
  `date_updated` int(11) DEFAULT '0',
  `number` int(11) DEFAULT '1',
  `status` varchar(100) COLLATE utf8_unicode_ci DEFAULT NULL,
  `type` varchar(255) COLLATE utf8_unicode_ci DEFAULT NULL,
  `level` int(2) DEFAULT '0'
) ENGINE=MyISAM DEFAULT CHARSET=utf8 COLLATE=utf8_unicode_ci ROW_FORMAT=DYNAMIC;

--
-- Dumping data for table `table_category`
--

INSERT INTO `table_category` (`id`, `id_lv1`, `id_lv2`, `id_lv3`, `name`, `tenkhongdau`, `photo`, `date_created`, `date_updated`, `number`, `status`, `type`, `level`) VALUES
(1, 0, 0, 0, 'Tour trong nước', 'tour-trong-nuoc', NULL, 1609902757, 1681396633, 1, 'display,hot', 'product', 1),
(2, 0, 0, 0, 'Tour nước ngoài', 'tour-nuoc-ngoai', NULL, 1609902767, 1681396677, 2, 'display', 'product', 1),
(3, 0, 0, 0, 'Tour khách đoàn', 'tour-khach-doan', NULL, 1609902781, 1681396720, 3, 'display', 'product', 1),
(4, 1, 0, 0, 'Fresh Fruit', 'fresh-fruit', NULL, 1609902853, 0, 1, 'display', 'product', 2),
(5, 1, 0, 0, 'Fruit Juice', 'fruit-juice', NULL, 1609902945, 0, 2, 'display', 'product', 2),
(6, 1, 0, 0, 'raspberries', 'raspberries', NULL, 1609902993, 0, 3, 'display', 'product', 2),
(7, 2, 0, 0, 'Milk Coffee', 'milk-coffee', NULL, 1609903037, 0, 4, 'display', 'product', 2),
(8, 2, 0, 0, 'Black Coffee', 'black-coffee', NULL, 1609903051, 0, 5, 'display', 'product', 2),
(9, 2, 0, 0, 'Hot Coffee', 'hot-coffee', NULL, 1609903060, 0, 6, 'display', 'product', 2),
(10, 3, 0, 0, 'Oolong Tea', 'oolong-tea', NULL, 1609903078, 0, 7, 'display', 'product', 2),
(11, 3, 0, 0, 'Green Tea', 'green-tea', NULL, 1609903087, 0, 8, 'display', 'product', 2);

-- --------------------------------------------------------

--
-- Table structure for table `table_counter`
--

CREATE TABLE `table_counter` (
  `id` int(11) NOT NULL,
  `tm` int(11) NOT NULL,
  `ip` varchar(16) COLLATE utf8_unicode_ci NOT NULL DEFAULT '0.0.0.0'
) ENGINE=MyISAM DEFAULT CHARSET=utf8 COLLATE=utf8_unicode_ci;

--
-- Dumping data for table `table_counter`
--

INSERT INTO `table_counter` (`id`, `tm`, `ip`) VALUES
(1, 1503297761, '::1'),
(2, 1503298730, '::1'),
(3, 1506475129, '::1'),
(4, 1506480217, '::1'),
(5, 1506506574, '::1'),
(6, 1506579642, '::1'),
(7, 1506582139, '::1'),
(8, 1506647636, '::1'),
(9, 1506741314, '::1'),
(10, 1507014051, '::1'),
(11, 1507015232, '::1'),
(12, 1507016357, '::1'),
(13, 1507017794, '::1'),
(14, 1507018747, '::1'),
(15, 1507021708, '::1'),
(16, 1507022642, '::1'),
(17, 1507023719, '::1'),
(18, 1507024620, '::1'),
(19, 1507252166, '::1'),
(20, 1507255347, '::1'),
(21, 1507258959, '::1'),
(22, 1507259882, '::1'),
(23, 1507264264, '::1'),
(24, 1507283653, '::1'),
(25, 1507284626, '::1'),
(26, 1507340286, '::1'),
(27, 1507349737, '::1'),
(28, 1507520988, '::1'),
(29, 1507695342, '::1'),
(30, 1507782369, '::1'),
(31, 1507858797, '::1'),
(32, 1507878123, '::1'),
(33, 1507879269, '::1'),
(34, 1508203811, '::1'),
(35, 1508204724, '::1'),
(36, 1508205636, '::1'),
(37, 1508206657, '::1'),
(38, 1508209036, '::1'),
(39, 1508810785, '::1'),
(40, 1508828714, '::1'),
(41, 1509004159, '::1'),
(42, 1509006973, '::1'),
(43, 1509165173, '::1'),
(44, 1509498901, '::1'),
(45, 1509589653, '::1'),
(46, 1509590554, '::1'),
(47, 1509591479, '::1'),
(48, 1509592735, '::1'),
(49, 1509593920, '::1'),
(50, 1509594851, '::1'),
(51, 1509595852, '::1'),
(52, 1509597403, '::1'),
(53, 1509598345, '::1'),
(54, 1509602687, '::1'),
(55, 1509603852, '::1'),
(56, 1509604762, '::1'),
(57, 1509679385, '::1'),
(58, 1509692077, '::1'),
(59, 1509695916, '::1'),
(60, 1509951213, '::1'),
(61, 1510043872, '::1'),
(62, 1510045892, '::1'),
(63, 1510047075, '::1'),
(64, 1510048019, '::1'),
(65, 1510219397, '::1'),
(66, 1510288745, '::1'),
(67, 1510296910, '::1'),
(68, 1510363630, '::1'),
(69, 1510374692, '::1'),
(70, 1510560703, '::1'),
(71, 1510566585, '::1'),
(72, 1510622438, '::1'),
(73, 1510624424, '::1'),
(74, 1510626108, '::1'),
(75, 1510627920, '::1'),
(76, 1510628829, '::1'),
(77, 1510814784, '::1'),
(78, 1510910808, '::1'),
(79, 1510913414, '::1'),
(80, 1510968343, '::1'),
(81, 1510970948, '::1'),
(82, 1510976573, '::1'),
(83, 1511251726, '::1'),
(84, 1511315368, '::1'),
(85, 1511317724, '::1'),
(86, 1511323171, '::1'),
(87, 1511344342, '::1'),
(88, 1511403370, '::1'),
(89, 1511410074, '::1'),
(90, 1511411112, '::1'),
(91, 1511856293, '::1'),
(92, 1511858097, '::1'),
(93, 1511859386, '::1'),
(94, 1511862612, '::1'),
(95, 1511918994, '::1'),
(96, 1511920611, '::1'),
(97, 1511924751, '::1'),
(98, 1511939119, '::1'),
(99, 1511940323, '::1'),
(100, 1512017721, '::1'),
(101, 1512024247, '::1'),
(102, 1512093550, '::1'),
(103, 1512109383, '::1'),
(104, 1512353285, '::1'),
(105, 1512361557, '::1'),
(106, 1512370939, '::1'),
(107, 1512371855, '::1'),
(108, 1512373463, '::1'),
(109, 1512381425, '::1'),
(110, 1512436852, '::1'),
(111, 1512438041, '::1'),
(112, 1512456086, '::1'),
(113, 1512532766, '::1'),
(114, 1512700901, '::1'),
(115, 1512715433, '::1'),
(116, 1512716341, '::1'),
(117, 1512717242, '::1'),
(118, 1512718189, '::1'),
(119, 1512719103, '::1'),
(120, 1512720098, '::1'),
(121, 1512721878, '::1'),
(122, 1512722797, '::1'),
(123, 1512723734, '::1'),
(124, 1512724864, '::1'),
(125, 1512726164, '::1'),
(126, 1512727237, '::1'),
(127, 1512793258, '::1'),
(128, 1512963297, '::1'),
(129, 1512965484, '::1'),
(130, 1513050277, '::1'),
(131, 1513052096, '::1'),
(132, 1513218345, '::1'),
(133, 1513227438, '::1'),
(134, 1513241018, '::1'),
(135, 1513241941, '::1'),
(136, 1513242901, '::1'),
(137, 1513243842, '::1'),
(138, 1513244911, '::1'),
(139, 1513302503, '::1'),
(140, 1513306152, '::1'),
(141, 1513307640, '::1'),
(142, 1513310404, '::1'),
(143, 1513311305, '::1'),
(144, 1513312585, '::1'),
(145, 1513320995, '::1'),
(146, 1513322823, '::1'),
(147, 1513324921, '::1'),
(148, 1513327099, '::1'),
(149, 1513330435, '::1'),
(150, 1513735692, '::1'),
(151, 1513752882, '::1'),
(152, 1513754041, '::1'),
(153, 1513762685, '::1'),
(154, 1513763626, '::1'),
(155, 1513844747, '::1'),
(156, 1514190575, '::1'),
(157, 1514262744, '::1'),
(158, 1514349410, '::1'),
(159, 1514358469, '::1'),
(160, 1514431381, '::1'),
(161, 1514509941, '::1'),
(162, 1514596798, '::1'),
(163, 1514876450, '::1'),
(164, 1514881203, '::1'),
(165, 1514883665, '::1'),
(166, 1514960656, '::1'),
(167, 1514961567, '::1'),
(168, 1514962521, '::1'),
(169, 1514964278, '::1'),
(170, 1515123946, '::1'),
(171, 1515124864, '::1'),
(172, 1516422902, '::1'),
(173, 1516583452, '::1'),
(174, 1516774299, '::1'),
(175, 1516775322, '::1'),
(176, 1516856231, '::1'),
(177, 1516873297, '::1'),
(178, 1517033126, '::1'),
(179, 1517187777, '::1'),
(180, 1517188959, '::1'),
(181, 1517190270, '::1'),
(182, 1517206142, '::1'),
(183, 1517542444, '::1'),
(184, 1517555403, '::1'),
(185, 1517625037, '::1'),
(186, 1517793561, '::1'),
(187, 1517796774, '::1'),
(188, 1517797885, '::1'),
(189, 1517798823, '::1'),
(190, 1517799780, '::1'),
(191, 1517800698, '::1'),
(192, 1517801601, '::1'),
(193, 1517810560, '::1'),
(194, 1517812888, '::1'),
(195, 1517815649, '::1'),
(196, 1517820014, '::1'),
(197, 1517879178, '::1'),
(198, 1517901863, '::1'),
(199, 1517903077, '::1'),
(200, 1517904461, '::1'),
(201, 1517973606, '::1'),
(202, 1517974519, '::1'),
(203, 1517975586, '::1'),
(204, 1517976703, '::1'),
(205, 1519348461, '::1'),
(206, 1519372528, '::1'),
(207, 1519379613, '::1'),
(208, 1519380722, '::1'),
(209, 1519611193, '::1'),
(210, 1519718862, '::1'),
(211, 1519721313, '::1'),
(212, 1519722819, '::1'),
(213, 1519723813, '::1'),
(214, 1519724960, '::1'),
(215, 1520049520, '::1'),
(216, 1520473832, '::1'),
(217, 1520560591, '::1'),
(218, 1520578114, '::1'),
(219, 1520587036, '::1'),
(220, 1520587939, '::1'),
(221, 1520588962, '::1'),
(222, 1520841819, '::1'),
(223, 1520842863, '::1'),
(224, 1520843882, '::1'),
(225, 1520846004, '::1'),
(226, 1520847051, '::1'),
(227, 1521187654, '::1'),
(228, 1521254004, '::1'),
(229, 1521425645, '::1'),
(230, 1521517540, '::1'),
(231, 1521599927, '::1'),
(232, 1521683772, '::1'),
(233, 1521855869, '::1'),
(234, 1522133650, '::1'),
(235, 1522232483, '::1'),
(236, 1522379613, '::1'),
(237, 1522632546, '::1'),
(238, 1522634665, '::1'),
(239, 1522655403, '::1'),
(240, 1522727285, '::1'),
(241, 1522749592, '::1'),
(242, 1522891116, '::1'),
(243, 1523005695, '::1'),
(244, 1523006636, '::1'),
(245, 1523007630, '::1'),
(246, 1523008572, '::1'),
(247, 1523009498, '::1'),
(248, 1523062988, '::1'),
(249, 1523063947, '::1'),
(250, 1523064919, '::1'),
(251, 1523066130, '::1'),
(252, 1523067040, '::1'),
(253, 1523068620, '::1'),
(254, 1523069598, '::1'),
(255, 1523071113, '::1'),
(256, 1523072048, '::1'),
(257, 1523072964, '::1'),
(258, 1523073884, '::1'),
(259, 1523074788, '::1'),
(260, 1523075719, '::1'),
(261, 1523076653, '::1'),
(262, 1523235930, '::1'),
(263, 1523235930, '::1'),
(264, 1523266193, '::1'),
(265, 1523267095, '::1'),
(266, 1523498695, '::1'),
(267, 1523523662, '::1'),
(268, 1523524699, '::1'),
(269, 1523525611, '::1'),
(270, 1523526513, '::1'),
(271, 1523668480, '::1'),
(272, 1523675900, '::1'),
(273, 1523676818, '::1'),
(274, 1523678520, '::1'),
(275, 1523679510, '::1'),
(276, 1523680415, '::1'),
(277, 1523681523, '::1'),
(278, 1523841788, '::1'),
(279, 1523846626, '::1'),
(280, 1523872623, '::1'),
(281, 1523956155, '::1'),
(282, 1523957055, '::1'),
(283, 1523957967, '::1'),
(284, 1523958991, '::1'),
(285, 1524025634, '::1'),
(286, 1524102528, '::1'),
(287, 1524105696, '::1'),
(288, 1524124659, '::1'),
(289, 1524125763, '::1'),
(290, 1524126700, '::1'),
(291, 1524128010, '::1'),
(292, 1524128949, '::1'),
(293, 1524130639, '::1'),
(294, 1524199495, '::1'),
(295, 1524557922, '::1'),
(296, 1524558906, '::1'),
(297, 1524559850, '::1'),
(298, 1524560752, '::1'),
(299, 1524563601, '::1'),
(300, 1524706811, '::1'),
(301, 1525336351, '::1'),
(302, 1525337315, '::1'),
(303, 1525338255, '::1'),
(304, 1525339162, '::1'),
(305, 1525420029, '::1'),
(306, 1525421391, '::1'),
(307, 1525422300, '::1'),
(308, 1525423334, '::1'),
(309, 1525424360, '::1'),
(310, 1525425261, '::1'),
(311, 1525427441, '::1'),
(312, 1525484234, '::1'),
(313, 1525486888, '::1'),
(314, 1525495530, '::1'),
(315, 1525685318, '::1'),
(316, 1525745997, '::1'),
(317, 1525748604, '::1'),
(318, 1525772787, '::1'),
(319, 1525829043, '::1'),
(320, 1525830132, '::1'),
(321, 1526270585, '::1'),
(322, 1526287249, '::1'),
(323, 1526462452, '::1'),
(324, 1526463711, '::1'),
(325, 1526464626, '::1'),
(326, 1526631499, '::1'),
(327, 1528684153, '::1'),
(328, 1528769200, '::1'),
(329, 1529307904, '::1'),
(330, 1529379113, '::1'),
(331, 1529398183, '::1'),
(332, 1529458299, '::1'),
(333, 1529482862, '::1'),
(334, 1529483862, '::1'),
(335, 1529484783, '::1'),
(336, 1529486339, '::1'),
(337, 1529561467, '::1'),
(338, 1529638758, '::1'),
(339, 1529639761, '::1'),
(340, 1529641266, '::1'),
(341, 1529642572, '::1'),
(342, 1529648280, '::1'),
(343, 1529649676, '::1'),
(344, 1529655879, '::1'),
(345, 1529658328, '::1'),
(346, 1529659269, '::1'),
(347, 1529660221, '::1'),
(348, 1529661296, '::1'),
(349, 1531887463, '::1'),
(350, 1531992028, '::1'),
(351, 1532079444, '::1'),
(352, 1533177790, '::1'),
(353, 1534394140, '::1'),
(354, 1534406891, '::1'),
(355, 1534407853, '::1'),
(356, 1534408758, '::1'),
(357, 1534409678, '::1'),
(358, 1534410615, '::1'),
(359, 1534411835, '::1'),
(360, 1534412752, '::1'),
(361, 1534413692, '::1'),
(362, 1534684829, '::1'),
(363, 1534729951, '::1'),
(364, 1534730956, '::1'),
(365, 1534732656, '::1'),
(366, 1534824533, '::1'),
(367, 1534825449, '::1'),
(368, 1534826800, '::1'),
(369, 1534840778, '::1'),
(370, 1534841721, '::1'),
(371, 1534902327, '::1'),
(372, 1534922912, '::1'),
(373, 1534924552, '::1'),
(374, 1534927719, '::1'),
(375, 1535015845, '::1'),
(376, 1535016895, '::1'),
(377, 1535017804, '::1'),
(378, 1535073729, '::1'),
(379, 1535075268, '::1'),
(380, 1535076206, '::1'),
(381, 1535077488, '::1'),
(382, 1535084268, '::1'),
(383, 1535101286, '::1'),
(384, 1535350917, '::1'),
(385, 1535356381, '::1'),
(386, 1535431927, '::1'),
(387, 1535438863, '::1'),
(388, 1535691174, '::1'),
(389, 1536550884, '::1'),
(390, 1536570147, '::1'),
(391, 1536653472, '::1'),
(392, 1536654684, '::1'),
(393, 1536657111, '::1'),
(394, 1536738757, '::1'),
(395, 1536743207, '::1'),
(396, 1536896166, '::1'),
(397, 1537147847, '::1'),
(398, 1537176366, '::1'),
(399, 1537177285, '::1'),
(400, 1537178193, '::1'),
(401, 1537429202, '::1'),
(402, 1537520990, '::1'),
(403, 1537521901, '::1'),
(404, 1537522852, '::1'),
(405, 1538118304, '::1'),
(406, 1538120908, '::1'),
(407, 1538196772, '::1'),
(408, 1538531381, '::1'),
(409, 1538535828, '::1'),
(410, 1538636309, '::1'),
(411, 1538646803, '::1'),
(412, 1538709160, '::1'),
(413, 1538712391, '::1'),
(414, 1538971034, '::1'),
(415, 1538973777, '::1'),
(416, 1539225465, '::1'),
(417, 1539233117, '::1'),
(418, 1539313075, '::1'),
(419, 1539916264, '::1'),
(420, 1540199765, '::1'),
(421, 1540452432, '::1'),
(422, 1540458364, '::1'),
(423, 1540459275, '::1'),
(424, 1540460250, '::1'),
(425, 1540547611, '::1'),
(426, 1540549139, '::1'),
(427, 1540603920, '::1'),
(428, 1540605205, '::1'),
(429, 1540607018, '::1'),
(430, 1540610949, '::1'),
(431, 1540867081, '::1'),
(432, 1540882810, '::1'),
(433, 1540885801, '::1'),
(434, 1540886711, '::1'),
(435, 1540893101, '::1'),
(436, 1540949756, '::1'),
(437, 1540953892, '::1'),
(438, 1540956299, '::1'),
(439, 1541043751, '::1'),
(440, 1541047405, '::1'),
(441, 1541048432, '::1'),
(442, 1541065754, '::1'),
(443, 1541150250, '::1'),
(444, 1541382895, '::1'),
(445, 1541384150, '::1'),
(446, 1541385903, '::1'),
(447, 1541387812, '::1'),
(448, 1541402927, '::1'),
(449, 1541477074, '::1'),
(450, 1541494833, '::1'),
(451, 1541495890, '::1'),
(452, 1541496868, '::1'),
(453, 1541497972, '::1'),
(454, 1541555470, '::1'),
(455, 1541563290, '::1'),
(456, 1541730470, '::1'),
(457, 1541731591, '::1'),
(458, 1541732529, '::1'),
(459, 1541734033, '::1'),
(460, 1541753880, '::1'),
(461, 1541816384, '::1'),
(462, 1542012585, '::1'),
(463, 1542094874, '::1'),
(464, 1542099025, '::1'),
(465, 1542187102, '::1'),
(466, 1542189286, '::1'),
(467, 1542266098, '::1'),
(468, 1542267228, '::1'),
(469, 1542268132, '::1'),
(470, 1542269042, '::1'),
(471, 1542270325, '::1'),
(472, 1542861558, '::1'),
(473, 1542962098, '::1'),
(474, 1543225266, '::1'),
(475, 1543281555, '::1'),
(476, 1543311217, '::1'),
(477, 1543377203, '::1'),
(478, 1543398237, '::1'),
(479, 1543454797, '::1'),
(480, 1543457176, '::1'),
(481, 1543461414, '::1'),
(482, 1543462315, '::1'),
(483, 1543463401, '::1'),
(484, 1543464365, '::1'),
(485, 1543465449, '::1'),
(486, 1543466448, '::1'),
(487, 1543467364, '::1'),
(488, 1543471698, '::1'),
(489, 1543472693, '::1'),
(490, 1543473604, '::1'),
(491, 1543552259, '::1'),
(492, 1543640157, '::1'),
(493, 1544082412, '::1'),
(494, 1544414978, '::1'),
(495, 1544433076, '::1'),
(496, 1544512492, '::1'),
(497, 1544513476, '::1'),
(498, 1544514404, '::1'),
(499, 1544515329, '::1'),
(500, 1544516251, '::1'),
(501, 1544517653, '::1'),
(502, 1544518852, '::1'),
(503, 1544519757, '::1'),
(504, 1544520662, '::1'),
(505, 1544521590, '::1'),
(506, 1544578444, '::1'),
(507, 1544579346, '::1'),
(508, 1544580250, '::1'),
(509, 1544581745, '::1'),
(510, 1544582651, '::1'),
(511, 1544607170, '::1'),
(512, 1544608243, '::1'),
(513, 1545032127, '::1'),
(514, 1545033030, '::1'),
(515, 1545033937, '::1'),
(516, 1545035175, '::1'),
(517, 1545036212, '::1'),
(518, 1545037221, '::1'),
(519, 1545038153, '::1'),
(520, 1545039081, '::1'),
(521, 1545127050, '::1'),
(522, 1545213000, '::1'),
(523, 1545295874, '::1'),
(524, 1545356263, '::1'),
(525, 1545359300, '::1'),
(526, 1545361254, '::1'),
(527, 1545385240, '::1'),
(528, 1545705338, '::1'),
(529, 1545790704, '::1'),
(530, 1545813802, '::1'),
(531, 1546419163, '::1'),
(532, 1546500149, '::1'),
(533, 1546502153, '::1'),
(534, 1546503088, '::1'),
(535, 1546589573, '::1'),
(536, 1546590527, '::1'),
(537, 1546591739, '::1'),
(538, 1546592649, '::1'),
(539, 1546593712, '::1'),
(540, 1546594836, '::1'),
(541, 1546595761, '::1'),
(542, 1546657119, '::1'),
(543, 1546659834, '::1'),
(544, 1546918040, '::1'),
(545, 1546923383, '::1'),
(546, 1547540417, '::1'),
(547, 1547625296, '::1'),
(548, 1547705972, '::1'),
(549, 1547717321, '::1'),
(550, 1547718288, '::1'),
(551, 1547719281, '::1'),
(552, 1547802435, '::1'),
(553, 1548039314, '::1'),
(554, 1548045229, '::1'),
(555, 1548046762, '::1'),
(556, 1548050783, '::1'),
(557, 1548052269, '::1'),
(558, 1548123073, '::1'),
(559, 1548297651, '::1'),
(560, 1548313325, '::1'),
(561, 1548379350, '::1'),
(562, 1548659665, '::1'),
(563, 1548922448, '::1'),
(564, 1548923579, '::1'),
(565, 1548924665, '::1'),
(566, 1549954205, '::1'),
(567, 1550046688, '::1'),
(568, 1550051492, '::1'),
(569, 1550108254, '::1'),
(570, 1550109155, '::1'),
(571, 1550201594, '::1'),
(572, 1550452647, '::1'),
(573, 1550739540, '::1'),
(574, 1550798772, '::1'),
(575, 1550799758, '::1'),
(576, 1550800817, '::1'),
(577, 1550801726, '::1'),
(578, 1550802740, '::1'),
(579, 1550804042, '::1'),
(580, 1550821105, '::1'),
(581, 1550886920, '::1'),
(582, 1551155198, '::1'),
(583, 1551162029, '::1'),
(584, 1551163631, '::1'),
(585, 1551164704, '::1'),
(586, 1551165677, '::1'),
(587, 1551166940, '::1'),
(588, 1551168173, '::1'),
(589, 1551169129, '::1'),
(590, 1551240644, '::1'),
(591, 1551241557, '::1'),
(592, 1551242506, '::1'),
(593, 1551315973, '::1'),
(594, 1551316992, '::1'),
(595, 1551324847, '::1'),
(596, 1551325919, '::1'),
(597, 1551326984, '::1'),
(598, 1551345500, '::1'),
(599, 1551347042, '::1'),
(600, 1551415714, '::1'),
(601, 1551692364, '::1'),
(602, 1551693591, '::1'),
(603, 1551749513, '::1'),
(604, 1551760188, '::1'),
(605, 1551761109, '::1'),
(606, 1551767240, '::1'),
(607, 1551770963, '::1'),
(608, 1551843831, '::1'),
(609, 1551861525, '::1'),
(610, 1552015763, '::1'),
(611, 1552278692, '::1'),
(612, 1552379777, '::1'),
(613, 1552547307, '::1'),
(614, 1552550208, '::1'),
(615, 1552625529, '::1'),
(616, 1552631305, '::1'),
(617, 1552632468, '::1'),
(618, 1555417797, '::1'),
(619, 1555418712, '::1'),
(620, 1555420844, '::1'),
(621, 1555944439, '::1'),
(622, 1556198573, '::1'),
(623, 1556427550, '::1'),
(624, 1556971061, '::1'),
(625, 1557059192, '::1'),
(626, 1557065205, '::1'),
(627, 1557160391, '::1'),
(628, 1562860949, '::1'),
(629, 1562864035, '::1'),
(630, 1562864947, '::1'),
(631, 1571752670, '::1'),
(632, 1573607285, '123.30.129.254'),
(633, 1573638013, '123.30.129.254'),
(634, 1573694564, '123.30.129.254'),
(635, 1577860777, '123.30.129.254'),
(636, 1580693251, '::1'),
(637, 1580702686, '::1'),
(638, 1580703599, '::1'),
(639, 1580704579, '::1'),
(640, 1580705592, '::1'),
(641, 1580709863, '::1'),
(642, 1580710815, '::1'),
(643, 1580711742, '::1'),
(644, 1580712648, '::1'),
(645, 1580713621, '::1'),
(646, 1580714523, '::1'),
(647, 1580715438, '::1'),
(648, 1580716987, '::1'),
(649, 1580717891, '::1'),
(650, 1580718801, '::1'),
(651, 1580719714, '::1'),
(652, 1580721558, '::1'),
(653, 1580722546, '::1'),
(654, 1580778242, '::1'),
(655, 1580789325, '::1'),
(656, 1580804908, '::1'),
(657, 1580871158, '::1'),
(658, 1580872064, '::1'),
(659, 1580873379, '::1'),
(660, 1580874495, '::1'),
(661, 1580875582, '::1'),
(662, 1580877045, '::1'),
(663, 1580878007, '::1'),
(664, 1580882655, '::1'),
(665, 1580883699, '::1'),
(666, 1580884628, '::1'),
(667, 1580885545, '::1'),
(668, 1580887020, '::1'),
(669, 1580887993, '::1'),
(670, 1580888906, '::1'),
(671, 1580889811, '::1'),
(672, 1580890792, '::1'),
(673, 1580891705, '::1'),
(674, 1580894231, '::1'),
(675, 1580898646, '::1'),
(676, 1580899604, '::1'),
(677, 1580950103, '::1'),
(678, 1580951066, '::1'),
(679, 1580951986, '::1'),
(680, 1580952898, '::1'),
(681, 1580953804, '::1'),
(682, 1580954828, '::1'),
(683, 1580955738, '::1'),
(684, 1580956763, '::1'),
(685, 1580957928, '::1'),
(686, 1580958935, '::1'),
(687, 1580959844, '::1'),
(688, 1580960984, '::1'),
(689, 1580961887, '::1'),
(690, 1580962793, '::1'),
(691, 1580963721, '::1'),
(692, 1580964678, '::1'),
(693, 1580970559, '::1'),
(694, 1580971540, '::1'),
(695, 1580974266, '::1'),
(696, 1580979521, '::1'),
(697, 1580981946, '::1'),
(698, 1581037656, '::1'),
(699, 1581039505, '::1'),
(700, 1581040427, '::1'),
(701, 1581042636, '::1'),
(702, 1581044323, '::1'),
(703, 1581046440, '::1'),
(704, 1581048632, '::1'),
(705, 1581050555, '::1'),
(706, 1581057363, '::1'),
(707, 1581059632, '::1'),
(708, 1581064442, '::1'),
(709, 1581066611, '::1'),
(710, 1581134882, '::1'),
(711, 1581296290, '::1'),
(712, 1581297442, '::1'),
(713, 1581298761, '::1'),
(714, 1581299661, '::1'),
(715, 1581300851, '::1'),
(716, 1581302028, '::1'),
(717, 1581304914, '::1'),
(718, 1581306759, '::1'),
(719, 1581307660, '::1'),
(720, 1581308563, '::1'),
(721, 1581309481, '::1'),
(722, 1581310489, '::1'),
(723, 1581312283, '::1'),
(724, 1581314526, '::1'),
(725, 1581562083, '::1'),
(726, 1581578211, '::1'),
(727, 1581582354, '::1'),
(728, 1581583926, '::1'),
(729, 1581666262, '::1'),
(730, 1581667178, '::1'),
(731, 1581668123, '::1'),
(732, 1581669038, '::1'),
(733, 1581669951, '::1'),
(734, 1581670864, '::1'),
(735, 1581671906, '::1'),
(736, 1581672864, '::1'),
(737, 1581673795, '::1'),
(738, 1581729132, '::1'),
(739, 1581733769, '::1'),
(740, 1581736140, '::1'),
(741, 1581737050, '::1'),
(742, 1581738098, '::1'),
(743, 1581739615, '::1'),
(744, 1581740581, '::1'),
(745, 1581741681, '::1'),
(746, 1581742636, '::1'),
(747, 1581901429, '::1'),
(748, 1581903392, '::1'),
(749, 1581922316, '::1'),
(750, 1581923739, '::1'),
(751, 1581927417, '::1'),
(752, 1581933269, '::1'),
(753, 1581987259, '::1'),
(754, 1581988403, '::1'),
(755, 1581995585, '::1'),
(756, 1581997925, '::1'),
(757, 1582001006, '::1'),
(758, 1582005992, '::1'),
(759, 1582007477, '::1'),
(760, 1582010808, '::1'),
(761, 1582016700, '::1'),
(762, 1582073955, '::1'),
(763, 1582074975, '::1'),
(764, 1582171488, '::1'),
(765, 1582188988, '::1'),
(766, 1582246991, '::1'),
(767, 1582247902, '::1'),
(768, 1582260542, '::1'),
(769, 1582266180, '::1'),
(770, 1582267418, '::1'),
(771, 1582268486, '::1'),
(772, 1582269407, '::1'),
(773, 1582270870, '::1'),
(774, 1582333256, '::1'),
(775, 1582336923, '::1'),
(776, 1582520291, '::1'),
(777, 1582593447, '::1'),
(778, 1582767932, '::1'),
(779, 1582778342, '::1'),
(780, 1582792458, '::1'),
(781, 1582793527, '::1'),
(782, 1582795321, '::1'),
(783, 1582852416, '::1'),
(784, 1582855746, '::1'),
(785, 1582857175, '::1'),
(786, 1582858758, '::1'),
(787, 1582872626, '::1'),
(788, 1582941827, '::1'),
(789, 1582950528, '::1'),
(790, 1582951948, '::1'),
(791, 1583223726, '::1'),
(792, 1583224710, '::1'),
(793, 1583283997, '::1'),
(794, 1585902706, '::1'),
(795, 1585903610, '::1'),
(796, 1585904712, '::1'),
(797, 1585961547, '::1'),
(798, 1585963590, '::1'),
(799, 1585972936, '::1'),
(800, 1585974030, '::1'),
(801, 1585976285, '::1'),
(802, 1586148205, '::1'),
(803, 1586223633, '::1'),
(804, 1586233621, '::1'),
(805, 1586234532, '::1'),
(806, 1586239868, '::1'),
(807, 1586243004, '::1'),
(808, 1586394411, '::1'),
(809, 1586407813, '::1'),
(810, 1586488128, '::1'),
(811, 1586505923, '::1'),
(812, 1586512051, '::1'),
(813, 1586512954, '::1'),
(814, 1586566792, '::1'),
(815, 1586742320, '::1'),
(816, 1586754078, '::1'),
(817, 1586759181, '::1'),
(818, 1586761375, '::1'),
(819, 1586763595, '::1'),
(820, 1586766935, '::1'),
(821, 1586771589, '::1'),
(822, 1586830721, '::1'),
(823, 1586831875, '::1'),
(824, 1586834187, '::1'),
(825, 1586845582, '::1'),
(826, 1586853162, '::1'),
(827, 1589182173, '::1'),
(828, 1589190482, '::1'),
(829, 1589245446, '::1'),
(830, 1589258876, '::1'),
(831, 1589261183, '::1'),
(832, 1589264171, '::1'),
(833, 1589265165, '::1'),
(834, 1589605288, '::1'),
(835, 1591233546, '::1'),
(836, 1591265987, '::1'),
(837, 1591405483, '::1'),
(838, 1591407175, '::1'),
(839, 1591408115, '::1'),
(840, 1591409133, '::1'),
(841, 1591412232, '::1'),
(842, 1591413204, '::1'),
(843, 1591414111, '::1'),
(844, 1591415053, '::1'),
(845, 1591416013, '::1'),
(846, 1591419238, '::1'),
(847, 1591578649, '::1'),
(848, 1591579642, '::1'),
(849, 1591580566, '::1'),
(850, 1591581477, '::1'),
(851, 1591582555, '::1'),
(852, 1591583616, '::1'),
(853, 1591584521, '::1'),
(854, 1591585530, '::1'),
(855, 1591586438, '::1'),
(856, 1591587432, '::1'),
(857, 1591588436, '::1'),
(858, 1591589406, '::1'),
(859, 1591590472, '::1'),
(860, 1591591406, '::1'),
(861, 1591592345, '::1'),
(862, 1591593595, '::1'),
(863, 1591596139, '::1'),
(864, 1591597040, '::1'),
(865, 1591597961, '::1'),
(866, 1591598878, '::1'),
(867, 1591600027, '::1'),
(868, 1591600930, '::1'),
(869, 1591602042, '::1'),
(870, 1591602988, '::1'),
(871, 1591603895, '::1'),
(872, 1591604814, '::1'),
(873, 1591673473, '::1'),
(874, 1591683680, '127.0.0.1'),
(875, 1591691025, '::1'),
(876, 1591771589, '::1'),
(877, 1591775533, '::1'),
(878, 1591776435, '::1'),
(879, 1591777426, '::1'),
(880, 1591837851, '::1'),
(881, 1591850379, '::1'),
(882, 1591851540, '::1'),
(883, 1591855339, '::1'),
(884, 1591856251, '::1'),
(885, 1591857201, '::1'),
(886, 1591858144, '::1'),
(887, 1591859070, '::1'),
(888, 1591859975, '::1'),
(889, 1591860902, '::1'),
(890, 1591863204, '::1'),
(891, 1591864115, '::1'),
(892, 1591865028, '::1'),
(893, 1591868086, '::1'),
(894, 1591924228, '::1'),
(895, 1591925190, '::1'),
(896, 1591928279, '::1'),
(897, 1591929198, '::1'),
(898, 1591930160, '::1'),
(899, 1591931452, '::1'),
(900, 1591932548, '::1'),
(901, 1591933448, '::1'),
(902, 1591934510, '::1'),
(903, 1591935715, '::1'),
(904, 1591936637, '::1'),
(905, 1591937793, '::1'),
(906, 1591941790, '::1'),
(907, 1591942706, '::1'),
(908, 1591943912, '::1'),
(909, 1591944835, '::1'),
(910, 1591945738, '::1'),
(911, 1591946657, '::1'),
(912, 1591947788, '::1'),
(913, 1591948710, '::1'),
(914, 1591949618, '::1'),
(915, 1591950543, '::1'),
(916, 1591951945, '::1'),
(917, 1591952845, '::1'),
(918, 1591954515, '::1'),
(919, 1591955418, '::1'),
(920, 1592010557, '::1'),
(921, 1592013449, '::1'),
(922, 1592017305, '::1'),
(923, 1592018485, '::1'),
(924, 1592019605, '::1'),
(925, 1592020505, '::1'),
(926, 1592021406, '::1'),
(927, 1592022306, '::1'),
(928, 1592023357, '::1'),
(929, 1592024257, '::1'),
(930, 1592183194, '::1'),
(931, 1592184094, '::1'),
(932, 1592185036, '::1'),
(933, 1592186061, '::1'),
(934, 1592188034, '::1'),
(935, 1592188934, '::1'),
(936, 1592190056, '::1'),
(937, 1592190967, '::1'),
(938, 1592191873, '::1'),
(939, 1592193261, '::1'),
(940, 1592194193, '::1'),
(941, 1592195123, '::1'),
(942, 1592196054, '::1'),
(943, 1592196954, '::1'),
(944, 1592198377, '::1'),
(945, 1592200926, '::1'),
(946, 1592201860, '::1'),
(947, 1592202803, '::1'),
(948, 1592203707, '::1'),
(949, 1592204649, '::1'),
(950, 1592205552, '::1'),
(951, 1592206469, '::1'),
(952, 1592207374, '::1'),
(953, 1592208285, '::1'),
(954, 1592209185, '::1'),
(955, 1592210299, '::1'),
(956, 1592211199, '::1'),
(957, 1592212099, '::1'),
(958, 1592213004, '::1'),
(959, 1592214014, '::1'),
(960, 1592214933, '::1'),
(961, 1592215833, '::1'),
(962, 1592269284, '::1'),
(963, 1592270184, '::1'),
(964, 1592271084, '::1'),
(965, 1592271984, '::1'),
(966, 1592272910, '::1'),
(967, 1592273817, '::1'),
(968, 1592274725, '::1'),
(969, 1592275627, '::1'),
(970, 1592276571, '::1'),
(971, 1592277479, '::1'),
(972, 1592278379, '::1'),
(973, 1592279428, '::1'),
(974, 1592280462, '::1'),
(975, 1592281405, '::1'),
(976, 1592282307, '::1'),
(977, 1592283222, '::1'),
(978, 1592284785, '::1'),
(979, 1592285688, '::1'),
(980, 1592287267, '::1'),
(981, 1592288178, '::1'),
(982, 1592289179, '::1'),
(983, 1592290194, '::1'),
(984, 1592300678, '::1'),
(985, 1592301603, '::1'),
(986, 1592302651, '::1'),
(987, 1592357462, '::1'),
(988, 1592358489, '::1'),
(989, 1592359443, '::1'),
(990, 1592360695, '::1'),
(991, 1592361909, '::1'),
(992, 1592362973, '::1'),
(993, 1592363936, '::1'),
(994, 1592364850, '::1'),
(995, 1592365751, '::1'),
(996, 1592366671, '::1'),
(997, 1592367601, '::1'),
(998, 1592368507, '::1'),
(999, 1592369771, '::1'),
(1000, 1592371322, '::1'),
(1001, 1592373848, '::1'),
(1002, 1592374769, '::1'),
(1003, 1592375679, '::1'),
(1004, 1592378684, '::1'),
(1005, 1592384747, '::1'),
(1006, 1592385790, '::1'),
(1007, 1592387477, '::1'),
(1008, 1592447296, '::1'),
(1009, 1592448214, '::1'),
(1010, 1592449172, '::1'),
(1011, 1592450794, '::1'),
(1012, 1592451710, '::1'),
(1013, 1592452800, '::1'),
(1014, 1592453711, '::1'),
(1015, 1592454654, '::1'),
(1016, 1592455573, '::1'),
(1017, 1592456489, '::1'),
(1018, 1592457619, '::1'),
(1019, 1592458526, '::1'),
(1020, 1592460152, '::1'),
(1021, 1592461054, '::1'),
(1022, 1592461978, '::1'),
(1023, 1592462899, '::1'),
(1024, 1592467083, '::1'),
(1025, 1592468136, '::1'),
(1026, 1592473078, '::1'),
(1027, 1592474426, '::1'),
(1028, 1592475521, '::1'),
(1029, 1592533947, '::1'),
(1030, 1592536995, '::1'),
(1031, 1592538196, '::1'),
(1032, 1592556946, '::1'),
(1033, 1592560492, '::1'),
(1034, 1592625474, '::1'),
(1035, 1592817329, '::1'),
(1036, 1593498250, '::1'),
(1037, 1593572742, '::1'),
(1038, 1593577339, '::1'),
(1039, 1593579739, '::1'),
(1040, 1593584357, '::1'),
(1041, 1593593804, '::1'),
(1042, 1593594706, '::1'),
(1043, 1593595625, '::1'),
(1044, 1593596624, '::1'),
(1045, 1593652045, '::1'),
(1046, 1593652945, '::1'),
(1047, 1593653857, '::1'),
(1048, 1593654775, '::1'),
(1049, 1593655701, '::1'),
(1050, 1593681444, '::1'),
(1051, 1593682398, '::1'),
(1052, 1593684287, '::1'),
(1053, 1593742093, '::1'),
(1054, 1593745858, '::1'),
(1055, 1593746977, '::1'),
(1056, 1594092934, '::1'),
(1057, 1594114846, '::1'),
(1058, 1596246440, '::1'),
(1059, 1596503063, '::1'),
(1060, 1596505752, '::1'),
(1061, 1596598062, '::1'),
(1062, 1596615884, '::1'),
(1063, 1596775743, '::1'),
(1064, 1597371775, '::1'),
(1065, 1597375963, '::1'),
(1066, 1597377819, '::1'),
(1067, 1597636803, '::1'),
(1068, 1597639729, '::1'),
(1069, 1597657821, '::1'),
(1070, 1597735958, '::1'),
(1071, 1598235277, '::1'),
(1072, 1598344113, '::1'),
(1073, 1598345702, '::1'),
(1074, 1598348199, '::1'),
(1075, 1598349136, '::1'),
(1076, 1598435269, '::1'),
(1077, 1598493040, '::1'),
(1078, 1598517063, '::1'),
(1079, 1598595115, '::1'),
(1080, 1598604528, '::1'),
(1081, 1599184225, '::1'),
(1082, 1599202671, '::1'),
(1083, 1599206399, '::1'),
(1084, 1599207401, '::1'),
(1085, 1599208312, '::1'),
(1086, 1599441892, '::1'),
(1087, 1599549374, '::1'),
(1088, 1599550939, '::1'),
(1089, 1599552177, '::1'),
(1090, 1599558075, '::1'),
(1091, 1599558999, '::1'),
(1092, 1599634220, '::1'),
(1093, 1599795661, '::1'),
(1094, 1599808766, '::1'),
(1095, 1599879554, '::1'),
(1096, 1599884035, '::1'),
(1097, 1599884935, '::1'),
(1098, 1599885835, '::1'),
(1099, 1599886768, '::1'),
(1100, 1600045175, '::1'),
(1101, 1600051356, '::1'),
(1102, 1600071317, '::1'),
(1103, 1600076050, '::1'),
(1104, 1600077424, '::1'),
(1105, 1600161472, '::1'),
(1106, 1600219185, '::1'),
(1107, 1600309328, '::1'),
(1108, 1600650113, '::1'),
(1109, 1600651068, '::1'),
(1110, 1600652093, '::1'),
(1111, 1600653704, '::1'),
(1112, 1600655196, '::1'),
(1113, 1600656858, '::1'),
(1114, 1600657813, '::1'),
(1115, 1600658781, '::1'),
(1116, 1600659689, '::1'),
(1117, 1600669670, '::1'),
(1118, 1600674521, '::1'),
(1119, 1600680145, '::1'),
(1120, 1600681284, '::1'),
(1121, 1600737359, '::1'),
(1122, 1600822783, '::1'),
(1123, 1600823724, '::1'),
(1124, 1600834205, '::1'),
(1125, 1600845737, '::1'),
(1126, 1600850229, '::1'),
(1127, 1600853707, '::1'),
(1128, 1600909689, '::1'),
(1129, 1600922719, '::1'),
(1130, 1600999075, '::1'),
(1131, 1601003369, '::1'),
(1132, 1601009892, '::1'),
(1133, 1601019163, '::1'),
(1134, 1601023827, '::1'),
(1135, 1601086285, '::1'),
(1136, 1601283835, '::1'),
(1137, 1601284948, '::1'),
(1138, 1601346747, '::1'),
(1139, 1601371716, '::1'),
(1140, 1601450984, '::1'),
(1141, 1601540278, '::1'),
(1142, 1601626139, '::1'),
(1143, 1601870883, '::1'),
(1144, 1601946894, '::1'),
(1145, 1601952304, '::1'),
(1146, 1601971225, '::1'),
(1147, 1601973948, '::1'),
(1148, 1602036896, '::1'),
(1149, 1602040865, '::1'),
(1150, 1602055989, '::1'),
(1151, 1602058217, '::1'),
(1152, 1602060994, '::1'),
(1153, 1602061907, '::1'),
(1154, 1602063737, '::1'),
(1155, 1602490417, '::1'),
(1156, 1602492780, '::1'),
(1157, 1602667415, '::1'),
(1158, 1602724792, '::1'),
(1159, 1603070839, '::1'),
(1160, 1603073734, '::1'),
(1161, 1603246824, '::1'),
(1162, 1603676876, '::1'),
(1163, 1603698178, '::1'),
(1164, 1603785148, '::1'),
(1165, 1603853029, '::1'),
(1166, 1603873768, '::1'),
(1167, 1604020002, '::1'),
(1168, 1604117776, '::1'),
(1169, 1604118907, '::1'),
(1170, 1604279618, '::1'),
(1171, 1604305412, '::1'),
(1172, 1604307626, '::1'),
(1173, 1604309951, '::1'),
(1174, 1604396968, '::1'),
(1175, 1604454842, '::1'),
(1176, 1604539745, '::1'),
(1177, 1604650274, '::1'),
(1178, 1604721694, '::1'),
(1179, 1604885131, '::1'),
(1180, 1604887310, '::1'),
(1181, 1604992564, '::1'),
(1182, 1605249893, '::1'),
(1183, 1605492333, '::1'),
(1184, 1605519742, '::1'),
(1185, 1605520682, '::1'),
(1186, 1605576878, '::1'),
(1187, 1605586585, '::1'),
(1188, 1605601464, '::1'),
(1189, 1605604837, '::1'),
(1190, 1605605843, '::1'),
(1191, 1605664818, '::1'),
(1192, 1605687594, '::1'),
(1193, 1605777658, '::1'),
(1194, 1605834803, '::1'),
(1195, 1605835907, '::1'),
(1196, 1605864464, '::1'),
(1197, 1605865824, '::1'),
(1198, 1606112285, '::1'),
(1199, 1606113203, '::1'),
(1200, 1606114141, '::1'),
(1201, 1606115344, '::1'),
(1202, 1606116325, '::1'),
(1203, 1606187157, '::1'),
(1204, 1606371545, '::1'),
(1205, 1606382617, '::1'),
(1206, 1606439234, '::1'),
(1207, 1606452824, '::1'),
(1208, 1606458125, '::1'),
(1209, 1606468250, '::1'),
(1210, 1606729319, '::1'),
(1211, 1606786201, '::1'),
(1212, 1606809276, '::1'),
(1213, 1606881668, '::1'),
(1214, 1606980175, '::1'),
(1215, 1607049532, '::1'),
(1216, 1607050462, '::1'),
(1217, 1607051661, '::1'),
(1218, 1607053332, '::1'),
(1219, 1607075484, '::1'),
(1220, 1607310537, '::1'),
(1221, 1607326047, '::1'),
(1222, 1607330690, '::1'),
(1223, 1607331820, '::1'),
(1224, 1607389433, '::1'),
(1225, 1607411470, '::1'),
(1226, 1607413920, '::1'),
(1227, 1607489864, '::1'),
(1228, 1607496585, '::1'),
(1229, 1607592498, '::1'),
(1230, 1607667557, '::1'),
(1231, 1607912395, '::1'),
(1232, 1607919671, '::1'),
(1233, 1607921619, '::1'),
(1234, 1607926919, '::1'),
(1235, 1607932486, '::1'),
(1236, 1608016038, '::1'),
(1237, 1608022452, '::1'),
(1238, 1608023450, '::1'),
(1239, 1608024693, '::1'),
(1240, 1608025593, '::1'),
(1241, 1608026704, '::1'),
(1242, 1608081307, '::1'),
(1243, 1608082344, '::1'),
(1244, 1608083265, '::1'),
(1245, 1608084175, '::1'),
(1246, 1608085080, '::1'),
(1247, 1608085984, '::1'),
(1248, 1608088143, '::1'),
(1249, 1608089096, '::1'),
(1250, 1608089998, '::1'),
(1251, 1608090988, '::1'),
(1252, 1608091912, '::1'),
(1253, 1608094239, '::1'),
(1254, 1608198818, '::1'),
(1255, 1608256207, '::1'),
(1256, 1608257124, '::1'),
(1257, 1608258931, '::1'),
(1258, 1608259851, '::1'),
(1259, 1608260775, '::1'),
(1260, 1608261733, '::1'),
(1261, 1608262829, '::1'),
(1262, 1608263802, '::1'),
(1263, 1608264723, '::1'),
(1264, 1608265715, '::1'),
(1265, 1608266628, '::1'),
(1266, 1608267565, '::1'),
(1267, 1608271306, '::1'),
(1268, 1608273920, '::1'),
(1269, 1608538184, '::1'),
(1270, 1608539086, '::1'),
(1271, 1608540305, '::1'),
(1272, 1612143532, '::1'),
(1273, 1612345294, '::1'),
(1274, 1612429312, '::1'),
(1275, 1612431570, '::1'),
(1276, 1612489514, '::1'),
(1277, 1612495771, '::1'),
(1278, 1612515836, '::1'),
(1279, 1612770862, '::1'),
(1280, 1612774202, '::1'),
(1281, 1612776844, '::1'),
(1282, 1613528492, '::1'),
(1283, 1613610951, '::1'),
(1284, 1613611953, '::1'),
(1285, 1613637180, '::1'),
(1286, 1613639276, '::1'),
(1287, 1613640177, '::1'),
(1288, 1613641525, '::1'),
(1289, 1613696861, '::1'),
(1290, 1613700019, '::1'),
(1291, 1613710345, '::1'),
(1292, 1613717367, '::1'),
(1293, 1613792371, '::1'),
(1294, 1613795666, '::1'),
(1295, 1613979836, '::1'),
(1296, 1613981158, '::1'),
(1297, 1614044191, '::1'),
(1298, 1614056003, '::1'),
(1299, 1614147773, '::1'),
(1300, 1614323286, '::1'),
(1301, 1614325913, '::1'),
(1302, 1614327067, '::1'),
(1303, 1614327976, '::1'),
(1304, 1614388171, '::1'),
(1305, 1614389274, '::1'),
(1306, 1614390280, '::1'),
(1307, 1614572278, '::1'),
(1308, 1614675913, '::1'),
(1309, 1614676982, '::1'),
(1310, 1614678730, '::1'),
(1311, 1614734021, '::1'),
(1312, 1614739958, '::1'),
(1313, 1614751964, '::1'),
(1314, 1614752995, '::1'),
(1315, 1614757238, '::1'),
(1316, 1614840938, '::1'),
(1317, 1614843143, '::1'),
(1318, 1614844487, '::1'),
(1319, 1614846666, '::1'),
(1320, 1614850369, '::1'),
(1321, 1614851421, '::1'),
(1322, 1614906853, '::1'),
(1323, 1614931826, '::1'),
(1324, 1614932743, '::1'),
(1325, 1614934257, '::1'),
(1326, 1614937924, '::1'),
(1327, 1614998416, '::1'),
(1328, 1615000813, '::1'),
(1329, 1615001737, '::1'),
(1330, 1615002765, '::1'),
(1331, 1615003726, '::1'),
(1332, 1615005017, '::1'),
(1333, 1615006828, '::1'),
(1334, 1615193721, '::1'),
(1335, 1615278695, '::1'),
(1336, 1615368628, '::1'),
(1337, 1615432006, '::1'),
(1338, 1615598052, '::1'),
(1339, 1615603530, '::1'),
(1340, 1615790203, '::1'),
(1341, 1615965132, '::1'),
(1342, 1616048281, '::1'),
(1343, 1616060682, '::1'),
(1344, 1616116547, '::1'),
(1345, 1616211861, '::1'),
(1346, 1616214639, '::1'),
(1347, 1616216011, '::1'),
(1348, 1616375968, '::1'),
(1349, 1616377863, '::1'),
(1350, 1616465138, '::1'),
(1351, 1616467412, '::1'),
(1352, 1616469133, '::1'),
(1353, 1616490675, '::1'),
(1354, 1681396612, '::1'),
(1355, 1681481631, '::1'),
(1356, 1681482554, '::1'),
(1357, 1681483454, '::1'),
(1358, 1681484429, '::1'),
(1359, 1681561294, '::1'),
(1360, 1681612477, '::1'),
(1361, 1681628430, '::1'),
(1362, 1681629375, '::1'),
(1363, 1681630330, '::1'),
(1364, 1681636036, '::1');

-- --------------------------------------------------------

--
-- Table structure for table `table_gallery`
--

CREATE TABLE `table_gallery` (
  `id` int(10) UNSIGNED NOT NULL,
  `id_parent` int(11) DEFAULT '0',
  `photo` varchar(225) COLLATE utf8_unicode_ci DEFAULT NULL,
  `link` varchar(255) COLLATE utf8_unicode_ci DEFAULT NULL,
  `name` varchar(100) COLLATE utf8_unicode_ci DEFAULT NULL,
  `nameen` varchar(255) COLLATE utf8_unicode_ci DEFAULT NULL,
  `number` int(10) UNSIGNED DEFAULT '1',
  `status` varchar(100) COLLATE utf8_unicode_ci DEFAULT NULL,
  `type` varchar(100) COLLATE utf8_unicode_ci DEFAULT NULL,
  `level` int(2) DEFAULT '0'
) ENGINE=MyISAM DEFAULT CHARSET=utf8 COLLATE=utf8_unicode_ci;

--
-- Dumping data for table `table_gallery`
--

INSERT INTO `table_gallery` (`id`, `id_parent`, `photo`, `link`, `name`, `nameen`, `number`, `status`, `type`, `level`) VALUES
(1, 1, 'blueberries-4193.jpg', NULL, 'gallery1', NULL, 1, 'display', 'product', 0),
(2, 1, 'bowlraspberry-6790.jpg', NULL, 'gallery2', NULL, 2, 'display', 'product', 0),
(3, 1, 'cocoamarshmallow-9646.jpg', NULL, 'gallery3', NULL, 3, 'display', 'product', 0),
(4, 1, 'cupcake-2955.jpg', NULL, 'gallery4', NULL, 4, 'display', 'product', 0),
(5, 1, 'fruitjuice-4811.jpg', NULL, 'gallery5', NULL, 5, 'display', 'product', 0),
(6, 1, 'icecream-5022.jpg', NULL, 'gallery6', NULL, 6, 'display', 'product', 0);

-- --------------------------------------------------------

--
-- Table structure for table `table_lang`
--

CREATE TABLE `table_lang` (
  `id` int(10) UNSIGNED NOT NULL,
  `str` text COLLATE utf8_unicode_ci NOT NULL,
  `langvi` text COLLATE utf8_unicode_ci NOT NULL,
  `langen` text COLLATE utf8_unicode_ci NOT NULL,
  `number` int(10) UNSIGNED NOT NULL DEFAULT '1'
) ENGINE=MyISAM DEFAULT CHARSET=utf8 COLLATE=utf8_unicode_ci;

--
-- Dumping data for table `table_lang`
--

INSERT INTO `table_lang` (`id`, `str`, `langvi`, `langen`, `number`) VALUES
(1, '_trangchu', 'Trang chủ', 'Home page', 1),
(2, '_gioithieu', 'Giới thiệu', 'About Us', 1),
(3, '_sanpham', 'Sản phẩm', 'Product', 1),
(4, '_dichvu', 'Dịch vụ', 'Service', 1),
(5, '_tintuc', 'Tin tức', 'News', 1),
(6, '_lienhe', 'Liên hệ', 'Contact', 1),
(7, '_timkiem', 'Tìm kiếm', 'Search', 1),
(8, '_sanphamnoibat', 'Sản phẩm nổi bật', 'Hot Product', 1),
(9, '_tintucnoibat', 'Tin tức nổi bật', 'Hot News', 1),
(10, '_thongketruycap', 'Thống kê truy cập', 'Statistical Access', 1),
(11, '_thongketuan', 'Thống kê tuần', 'Weekly statistics', 1),
(12, '_thongkethang', 'Thống kê tháng', 'Monthly statistics', 1),
(13, '_tongtruycap', 'Tổng truy cập', 'Total access', 1),
(14, '_gia', 'Giá', 'Price', 1),
(15, '_luotxem', 'Lượt xem', 'View', 1),
(16, '_chiase', 'Chia sẻ', 'Share', 1),
(17, '_thongtinsanpham', 'Thông tin sản phẩm', 'Product information', 1),
(18, '_binhluan', 'Bình Luận', 'Comment', 1),
(19, '_sanphamlienquan', 'Sản phẩm liên quan', 'Related Products', 1),
(20, '_tinlienquan', 'Tin liên quan', 'Related news', 1),
(21, '_hoten', 'Họ tên', 'Full name', 1),
(22, '_diachi', 'Địa chỉ', 'Address', 1),
(23, '_chude', 'Chủ đề', 'Topic', 1),
(24, '_noidung', 'Nội dung', 'Content', 1),
(25, '_captcha', 'Nhập mã Captcha', 'Captcha code', 1),
(26, '_gui', 'Gửi', 'Send', 1),
(27, '_nhaplai', 'Nhập lại', 'Retype', 1),
(28, '_dienthoai', 'Điện thoại', 'Phone', 1),
(29, '_emaildadangky', 'Email đã đăng ký', 'Registered email', 1),
(30, '_guiemailthanhcong', 'Gửi email thành công', 'Successful send email', 1),
(31, '_guiemailthatbai', 'Gửi email thất bại', 'Failed send email', 1),
(32, '_thongtingiohang', 'Thông tin giỏ hàng', 'Cart Information', 1),
(33, '_ten', 'Tên', 'Name', 1),
(34, '_soluong', 'Số lượng', 'Quantity', 1),
(35, '_thanhtien', 'Thành tiền', 'Into Money', 1),
(36, '_tieptucmuahang', 'Tiếp tục mua hàng', 'Continue shopping', 1),
(37, '_tongtien', 'Tổng tiền', 'Total', 1),
(38, '_dathang', 'Đặt hàng', 'Order', 1),
(39, '_thongtinkhachhang', 'Thông tin khách hàng', 'Customer information', 1),
(40, '_hinhthucthanhtoan', 'Chọn Hình thức thanh toán', 'Select Payments', 1),
(41, '_tinhthanhpho', 'Chọn Tỉnh/ Thành phố', 'Select City', 1),
(42, '_quanhuyen', 'Chọn Quận/ Huyện', 'Select District', 1),
(43, '_nhapsdt', 'Nhập số điện thọai', 'Enter the phone number', 1),
(44, '_nhapdiachi', 'Nhập Địa chỉ', 'Enter Address', 1),
(45, '_emailkhonghople', 'Email không hợp lệ', 'Invalid Email', 1),
(46, '_nhapnoidung', 'Nhập nội dung', 'Enter content', 1),
(47, '_giohang', 'Giỏ hàng', 'Shoping Cart', 1),
(48, '_nhaphoten', 'Nhập họ tên', 'Enter your name', 1),
(49, '_vuilongdiendayduthongtin', 'Vui lòng điền đầy đủ thông tin', 'Please complete all information', 1),
(50, '_dangky', 'Đăng ký', 'Registration', 1),
(51, '_dangnhap', 'Đăng nhập', 'Login', 1),
(52, '_nhaplaipassword', 'Nhập lại Password', 'Re-enter your password', 1),
(53, '_passwordnhaplaikhongdung', 'Password nhập lại không đúng', 'Re-enter password incorrectly', 1),
(54, '_hethongloi', 'Hệ thống lỗi', 'System Error', 1),
(55, '_saimacaptcha', 'Sai mã Captcha', 'Incorect Captcha', 1),
(56, '_dangkythanhcong', 'Đăng ký thành công', 'Sign Up Success', 1),
(57, '_bandadangnhap', 'Bạn đã đăng nhập', 'You are already logged in', 1),
(58, '_quenmatkhau', 'Quên mật khẩu', 'Forgot password', 1),
(59, '_goidien', 'Gọi điện', 'Call', 1),
(60, '_nhantin', 'Nhắn tin', 'SMS', 1),
(61, '_chiduong', 'Chỉ đường', 'Directions', 1),
(62, '_xemthem', 'Xem thêm', 'See more', 1),
(73, '_masanpham', 'Mã sản phẩm', 'Product code', 1),
(65, '_nhaptukhoa', 'Nhập từ khoá', 'Enter keywords', 1),
(66, '_ketquatimkiem', 'Kết quả tìm kiếm', 'Search Result', 1),
(67, '_linhvuc', 'Lĩnh vực', 'Field', 1),
(68, '_congtrinh', 'Công trình', 'Construction', 1),
(69, '_thuvien', 'Thư viện', 'Library', 1),
(70, '_hinhanh', 'Hình ảnh', 'Album', 1),
(71, '_duan', 'Dự án', 'Project', 1),
(72, '_tuyendung', 'Tuyển dụng', 'Recruitment', 1),
(74, '_giacu', 'Giá cũ', 'Old Price', 1),
(75, '_dangkynhantin', 'Đăng ký nhận tin', 'Newsletter', 1),
(76, '_chinhsach', 'Chính sách', 'Policy', 1),
(77, '_chonsize', 'Chọn size', 'Chose Size', 1),
(78, '_chonmau', 'Chọn màu', 'Chose color', 1),
(79, '_themgiohangthanhcong', 'Thêm vào giỏ hàng thành công', 'Add to cart successfully', 1),
(80, '_themvaogio', 'Thêm vào giỏ', 'Add to cart', 1),
(83, '_linhvuchoatdong', 'Lĩnh vực hoạt động', 'Field', 1);

-- --------------------------------------------------------

--
-- Table structure for table `table_newsletter`
--

CREATE TABLE `table_newsletter` (
  `id` int(10) NOT NULL,
  `options` text COLLATE utf8_unicode_ci,
  `date_created` int(10) DEFAULT '0',
  `number` int(10) DEFAULT '1',
  `status` varchar(100) COLLATE utf8_unicode_ci DEFAULT NULL,
  `type` varchar(20) COLLATE utf8_unicode_ci DEFAULT NULL
) ENGINE=MyISAM DEFAULT CHARSET=utf8 COLLATE=utf8_unicode_ci;

-- --------------------------------------------------------

--
-- Table structure for table `table_online`
--

CREATE TABLE `table_online` (
  `id` int(10) UNSIGNED NOT NULL,
  `session_id` varchar(255) COLLATE utf8_unicode_ci NOT NULL,
  `time` int(10) UNSIGNED NOT NULL
) ENGINE=MyISAM DEFAULT CHARSET=utf8 COLLATE=utf8_unicode_ci;

--
-- Dumping data for table `table_online`
--

INSERT INTO `table_online` (`id`, `session_id`, `time`) VALUES
(305, 'd2gb89tfj7ctaomb0r0gdh3g25', 1681636551),
(304, '2mm4k87r83lmj7cq9eneu40541', 1681636402),
(303, 'smf2u0u036qvr442gj7mjf2854', 1681636397),
(302, 's5d4eum1cnakmeona9qbbngf90', 1681636270),
(301, 'qm6dcj7elgibba498i4dkkrnk0', 1681636096),
(300, 'tm9dsukq6376j5tkv6f7dkfvs0', 1681636091),
(299, 'i2k6qucuk2eu0253b82m455na1', 1681636574);

-- --------------------------------------------------------

--
-- Table structure for table `table_order`
--

CREATE TABLE `table_order` (
  `id` int(11) NOT NULL,
  `id_user` int(11) DEFAULT '0',
  `id_payments` int(11) DEFAULT '0',
  `id_city` int(11) DEFAULT '0',
  `id_dist` int(11) DEFAULT '0',
  `id_ward` int(11) DEFAULT '0',
  `id_status` int(11) DEFAULT '1',
  `ip` varchar(50) COLLATE utf8_unicode_ci DEFAULT NULL,
  `code` varchar(20) COLLATE utf8_unicode_ci DEFAULT NULL,
  `name` varchar(255) COLLATE utf8_unicode_ci DEFAULT NULL,
  `phone` varchar(255) COLLATE utf8_unicode_ci DEFAULT NULL,
  `address` varchar(255) COLLATE utf8_unicode_ci DEFAULT NULL,
  `email` varchar(255) COLLATE utf8_unicode_ci DEFAULT NULL,
  `ship` int(11) DEFAULT '0',
  `total` int(11) DEFAULT '0',
  `content` text COLLATE utf8_unicode_ci,
  `date_created` varchar(30) COLLATE utf8_unicode_ci DEFAULT NULL,
  `date_updated` int(11) DEFAULT '0',
  `number` int(11) DEFAULT '1',
  `status` varchar(100) COLLATE utf8_unicode_ci DEFAULT NULL
) ENGINE=MyISAM DEFAULT CHARSET=utf8 COLLATE=utf8_unicode_ci;

-- --------------------------------------------------------

--
-- Table structure for table `table_order_detail`
--

CREATE TABLE `table_order_detail` (
  `id` int(10) UNSIGNED NOT NULL,
  `id_parent` int(11) DEFAULT '0',
  `id_product` int(11) DEFAULT '0',
  `id_size` varchar(30) COLLATE utf8_unicode_ci DEFAULT NULL,
  `id_color` varchar(50) COLLATE utf8_unicode_ci DEFAULT NULL,
  `code` varchar(50) COLLATE utf8_unicode_ci DEFAULT NULL,
  `product_code` varchar(100) COLLATE utf8_unicode_ci DEFAULT NULL,
  `name` varchar(225) COLLATE utf8_unicode_ci DEFAULT NULL,
  `photo` varchar(100) COLLATE utf8_unicode_ci DEFAULT NULL,
  `qty` int(11) DEFAULT '0',
  `price` int(11) DEFAULT '0',
  `old_price` int(11) DEFAULT '0',
  `total` int(11) DEFAULT '0',
  `date_created` int(10) UNSIGNED DEFAULT '0',
  `date_updated` int(10) UNSIGNED DEFAULT '0',
  `number` int(10) UNSIGNED DEFAULT '1',
  `status` varchar(100) COLLATE utf8_unicode_ci DEFAULT NULL
) ENGINE=MyISAM DEFAULT CHARSET=utf8 COLLATE=utf8_unicode_ci;

-- --------------------------------------------------------

--
-- Table structure for table `table_permission`
--

CREATE TABLE `table_permission` (
  `id` int(10) UNSIGNED NOT NULL,
  `name` varchar(225) COLLATE utf8_unicode_ci DEFAULT NULL,
  `date_created` int(10) UNSIGNED DEFAULT '0',
  `date_updated` int(10) UNSIGNED DEFAULT '0',
  `number` int(10) UNSIGNED DEFAULT '1',
  `status` varchar(100) COLLATE utf8_unicode_ci DEFAULT NULL
) ENGINE=MyISAM DEFAULT CHARSET=utf8 COLLATE=utf8_unicode_ci;

-- --------------------------------------------------------

--
-- Table structure for table `table_permission_detail`
--

CREATE TABLE `table_permission_detail` (
  `id` int(11) NOT NULL,
  `id_permission` int(11) DEFAULT '0',
  `permission` mediumtext COLLATE utf8_unicode_ci
) ENGINE=MyISAM DEFAULT CHARSET=utf8 COLLATE=utf8_unicode_ci;

-- --------------------------------------------------------

--
-- Table structure for table `table_photo`
--

CREATE TABLE `table_photo` (
  `id` int(11) UNSIGNED NOT NULL,
  `options` text COLLATE utf8_unicode_ci,
  `name` varchar(255) COLLATE utf8_unicode_ci DEFAULT NULL,
  `nameen` varchar(255) COLLATE utf8_unicode_ci DEFAULT NULL,
  `photo` varchar(255) COLLATE utf8_unicode_ci DEFAULT NULL,
  `link` varchar(100) COLLATE utf8_unicode_ci DEFAULT NULL,
  `type` varchar(30) COLLATE utf8_unicode_ci DEFAULT NULL,
  `status` varchar(255) COLLATE utf8_unicode_ci DEFAULT NULL,
  `number` int(11) DEFAULT '0',
  `date_created` int(11) DEFAULT '0',
  `date_updated` int(11) DEFAULT '0'
) ENGINE=MyISAM DEFAULT CHARSET=utf8 COLLATE=utf8_unicode_ci;

--
-- Dumping data for table `table_photo`
--

INSERT INTO `table_photo` (`id`, `options`, `name`, `nameen`, `photo`, `link`, `type`, `status`, `number`, `date_created`, `date_updated`) VALUES
(1, NULL, NULL, NULL, 'banner-2939.png', NULL, 'banner', 'display', 0, 1609917964, 1609917994),
(2, NULL, NULL, NULL, 'logo-1712.png', NULL, 'logo', 'display', 0, 1609917964, 1609917986),
(3, NULL, NULL, NULL, 'bg-header-4929.png', NULL, 'bg-header', 'display', 0, 1609917999, 1609920092),
(4, NULL, NULL, NULL, 'moit-1184.png', '', 'moit', '', 0, 1609918005, 1609918005),
(5, NULL, NULL, NULL, 'applesicecream-5956.jpg', '', 'slider', 'display', 1, 0, 0),
(6, NULL, NULL, NULL, 'bagfruitvegetables-6164.jpg', '', 'slider', 'display', 2, 0, 0),
(7, NULL, NULL, NULL, 'cranberriesberriesplate-4498.jpg', '', 'slider', 'display', 3, 0, 0),
(8, NULL, NULL, NULL, 'jampotcurrants-6220.jpg', '', 'slider', 'display', 4, 0, 0),
(9, NULL, NULL, NULL, 'pieceofcake-9468.jpg', '', 'slider', 'display', 5, 0, 0),
(10, NULL, NULL, NULL, 'social-face-8822.png', '', 'social', 'display', 1, 0, 0),
(11, NULL, NULL, NULL, 'social-gg-4046.png', '', 'social', 'display', 2, 0, 0),
(12, NULL, NULL, NULL, 'social-twis-8633.png', '', 'social', 'display', 3, 0, 0),
(13, NULL, NULL, NULL, 'social-youtube-6170.png', '', 'social', 'display', 4, 0, 0),
(14, NULL, 'Đừng tin her', NULL, NULL, 'https://www.youtube.com/watch?v=R3VVw3MJmHs', 'video', 'display', 1, 0, 0),
(15, NULL, 'Thương Anh', NULL, NULL, 'https://www.youtube.com/watch?v=05srvuuEWcU', 'video', 'display', 2, 0, 0),
(16, NULL, 'Yêu một người sao buồn đến thế', NULL, NULL, 'https://www.youtube.com/watch?v=262PMoup--4', 'video', 'display', 3, 0, 0),
(17, NULL, 'Chuyện rằng Lofi', NULL, NULL, 'https://www.youtube.com/watch?v=5NeKaXMFL1Q', 'video', 'display', 4, 0, 0),
(18, NULL, 'Nợ ai đó lời xin lỗi lofi', NULL, NULL, 'https://www.youtube.com/watch?v=O71GdeeND68', 'video', 'display', 5, 0, 0),
(19, '{\"watermark\":{\"position\":\"5\",\"per\":\"2\",\"small_per\":\"2\",\"max\":\"120\",\"min\":\"120\"}}', NULL, NULL, 'watermark-7409.png', NULL, 'watermark', 'display', 0, 1609918202, 1609918202),
(20, NULL, NULL, NULL, 'img9038-5636.JPG', '', 'partner', 'display', 1, 0, 0),
(21, NULL, NULL, NULL, 'img9039-7989.JPG', '', 'partner', 'display', 1, 0, 0),
(22, NULL, NULL, NULL, 'img9040-1135.JPG', '', 'partner', 'display', 1, 0, 0),
(23, NULL, NULL, NULL, 'img9038-1461.JPG', '', 'partner', 'display', 1, 0, 0),
(24, NULL, NULL, NULL, 'img9038-4183.JPG', '', 'partner', 'display', 1, 0, 0),
(25, NULL, NULL, NULL, 'img9039-9761.JPG', '', 'partner', 'display', 1, 0, 0),
(26, NULL, NULL, NULL, 'img9040-1385.JPG', '', 'partner', 'display', 1, 0, 0);

-- --------------------------------------------------------

--
-- Table structure for table `table_place_city`
--

CREATE TABLE `table_place_city` (
  `id` int(11) NOT NULL,
  `name` varchar(255) COLLATE utf8_unicode_ci DEFAULT NULL,
  `ship` int(11) DEFAULT '0',
  `date_created` int(11) DEFAULT '0',
  `date_updated` int(11) DEFAULT '0',
  `number` int(11) DEFAULT '1',
  `status` varchar(100) COLLATE utf8_unicode_ci DEFAULT NULL,
  `type` varchar(10) COLLATE utf8_unicode_ci DEFAULT NULL
) ENGINE=MyISAM DEFAULT CHARSET=utf8 COLLATE=utf8_unicode_ci;

--
-- Dumping data for table `table_place_city`
--

INSERT INTO `table_place_city` (`id`, `name`, `ship`, `date_created`, `date_updated`, `number`, `status`, `type`) VALUES
(1, 'Hồ Chí Minh', 0, 1446429727, 0, 1, 'display', 'city'),
(2, 'Hà Nội', 0, 1446429727, 0, 1, 'display', 'city'),
(3, 'Bình Dương', 0, 1446429727, 0, 1, 'display', 'city'),
(4, 'Đà Nẵng', 0, 1446429727, 0, 1, 'display', 'city'),
(5, 'Hải Phòng', 0, 1446429727, 0, 1, 'display', 'city'),
(6, 'Long An', 0, 1446429727, 0, 1, 'display', 'city'),
(7, 'Bà Rịa Vũng Tàu', 0, 1446429727, 0, 1, 'display', 'city'),
(8, 'An Giang', 0, 1446429727, 0, 1, 'display', 'city'),
(9, 'Bắc Giang', 0, 1446429727, 0, 1, 'display', 'city'),
(10, 'Bắc Kạn', 0, 1446429727, 0, 1, 'display', 'city'),
(11, 'Bạc Liêu', 0, 1446429727, 0, 1, 'display', 'city'),
(12, 'Bắc Ninh', 0, 1446429727, 0, 1, 'display', 'city'),
(13, 'Bến Tre', 0, 1446429727, 0, 1, 'display', 'city'),
(14, 'Bình Định', 0, 1446429727, 0, 1, 'display', 'city'),
(15, 'Bình Phước', 0, 1446429727, 0, 1, 'display', 'city'),
(16, 'Bình Thuận  ', 0, 1446429727, 0, 1, 'display', 'city'),
(17, 'Cà Mau', 0, 1446429727, 0, 1, 'display', 'city'),
(18, 'Cần Thơ', 0, 1446429727, 0, 1, 'display', 'city'),
(19, 'Cao Bằng', 0, 1446429727, 0, 1, 'display', 'city'),
(20, 'Đắk Lắk', 0, 1446429727, 0, 1, 'display', 'city'),
(21, 'Đắk Nông', 0, 1446429727, 0, 1, 'display', 'city'),
(22, 'Điện Biên', 0, 1446429727, 0, 1, 'display', 'city'),
(23, 'Đồng Nai', 0, 1446429727, 0, 1, 'display', 'city'),
(24, 'Đồng Tháp', 0, 1446429727, 0, 1, 'display', 'city'),
(25, 'Gia Lai', 0, 1446429727, 0, 1, 'display', 'city'),
(26, 'Hà Giang', 0, 1446429727, 0, 1, 'display', 'city'),
(27, 'Hà Nam', 0, 1446429727, 0, 1, 'display', 'city'),
(28, 'Hà Tĩnh', 0, 1446429727, 0, 1, 'display', 'city'),
(29, 'Hải Dương', 0, 1446429727, 0, 1, 'display', 'city'),
(30, 'Hậu Giang', 0, 1446429727, 0, 1, 'display', 'city'),
(31, 'Hòa Bình', 0, 1446429727, 0, 1, 'display', 'city'),
(32, 'Hưng Yên', 0, 1446429727, 0, 1, 'display', 'city'),
(33, 'Khánh Hòa', 0, 1446429727, 0, 1, 'display', 'city'),
(34, 'Kiên Giang', 0, 1446429727, 0, 1, 'display', 'city'),
(35, 'Kon Tum', 0, 1446429727, 0, 1, 'display', 'city'),
(36, 'Lai Châu', 0, 1446429727, 0, 1, 'display', 'city'),
(37, 'Lâm Đồng', 0, 1446429727, 0, 1, 'display', 'city'),
(38, 'Lạng Sơn', 0, 1446429727, 0, 1, 'display', 'city'),
(39, 'Lào Cai', 0, 1446429727, 0, 1, 'display', 'city'),
(40, 'Nam Định', 0, 1446429727, 0, 1, 'display', 'city'),
(41, 'Nghệ An', 0, 1446429727, 0, 1, 'display', 'city'),
(42, 'Ninh Bình', 0, 1446429727, 0, 1, 'display', 'city'),
(43, 'Ninh Thuận', 0, 1446429727, 0, 1, 'display', 'city'),
(44, 'Phú Thọ', 0, 1446429727, 0, 1, 'display', 'city'),
(45, 'Phú Yên', 0, 1446429727, 0, 1, 'display', 'city'),
(46, 'Quảng Bình', 0, 1446429727, 0, 1, 'display', 'city'),
(47, 'Quảng Nam', 0, 1446429727, 0, 1, 'display', 'city'),
(48, 'Quảng Ngãi', 0, 1446429727, 0, 1, 'display', 'city'),
(49, 'Quảng Ninh', 0, 1446429727, 0, 1, 'display', 'city'),
(50, 'Quảng Trị', 0, 1446429727, 0, 1, 'display', 'city'),
(51, 'Sóc Trăng', 0, 1446429727, 0, 1, 'display', 'city'),
(52, 'Sơn La', 0, 1446429727, 0, 1, 'display', 'city'),
(53, 'Tây Ninh', 0, 1446429727, 0, 1, 'display', 'city'),
(54, 'Thái Bình', 0, 1446429727, 0, 1, 'display', 'city'),
(55, 'Thái Nguyên', 0, 1446429727, 0, 1, 'display', 'city'),
(56, 'Thanh Hóa', 0, 1446429727, 0, 1, 'display', 'city'),
(57, 'Thừa Thiên Huế', 0, 1446429727, 0, 1, 'display', 'city'),
(58, 'Tiền Giang', 0, 1446429727, 0, 1, 'display', 'city'),
(59, 'Trà Vinh', 0, 1446429727, 0, 1, 'display', 'city'),
(60, 'Tuyên Quang', 0, 1446429727, 0, 1, 'display', 'city'),
(61, 'Vĩnh Long', 0, 1446429727, 0, 1, 'display', 'city'),
(62, 'Vĩnh Phúc', 0, 1446429727, 0, 1, 'display', 'city'),
(63, 'Yên Bái', 0, 1446429727, 0, 1, 'display', 'city');

-- --------------------------------------------------------

--
-- Table structure for table `table_place_dist`
--

CREATE TABLE `table_place_dist` (
  `id` int(11) NOT NULL,
  `id_city` int(11) DEFAULT NULL,
  `name` varchar(255) COLLATE utf8_unicode_ci DEFAULT NULL,
  `ship` int(11) DEFAULT '0',
  `date_created` int(11) DEFAULT '0',
  `date_updated` int(11) DEFAULT '0',
  `number` int(11) DEFAULT '1',
  `status` varchar(100) COLLATE utf8_unicode_ci DEFAULT NULL,
  `type` varchar(10) COLLATE utf8_unicode_ci DEFAULT NULL
) ENGINE=MyISAM DEFAULT CHARSET=utf8 COLLATE=utf8_unicode_ci;

--
-- Dumping data for table `table_place_dist`
--

INSERT INTO `table_place_dist` (`id`, `id_city`, `name`, `ship`, `date_created`, `date_updated`, `number`, `status`, `type`) VALUES
(1, 1, 'Bình Chánh', 0, 1446429779, 0, 1, 'display', 'dist'),
(2, 1, 'Bình Tân', 0, 1446429779, 0, 1, 'display', 'dist'),
(3, 1, 'Bình Thạnh', 0, 1446429779, 0, 1, 'display', 'dist'),
(4, 1, 'Cần Giờ', 0, 1446429779, 0, 1, 'display', 'dist'),
(5, 1, 'Củ Chi', 0, 1446429779, 0, 1, 'display', 'dist'),
(6, 1, 'Gò Vấp', 0, 1446429779, 0, 1, 'display', 'dist'),
(7, 1, 'Hóc Môn', 0, 1446429779, 0, 1, 'display', 'dist'),
(8, 1, 'Nhà Bè', 0, 1446429779, 0, 1, 'display', 'dist'),
(9, 1, 'Phú Nhuận', 0, 1446429779, 0, 1, 'display', 'dist'),
(10, 1, 'Quận 1', 0, 1446429779, 0, 1, 'display', 'dist'),
(11, 1, 'Quận 10', 0, 1446429779, 0, 1, 'display', 'dist'),
(12, 1, 'Quận 11', 0, 1446429779, 0, 1, 'display', 'dist'),
(13, 1, 'Quận 12', 0, 1446429779, 0, 1, 'display', 'dist'),
(14, 1, 'Quận 2', 0, 1446429779, 0, 1, 'display', 'dist'),
(15, 1, 'Quận 3', 0, 1446429779, 0, 1, 'display', 'dist'),
(16, 1, 'Quận 4', 0, 1446429779, 0, 1, 'display', 'dist'),
(17, 1, 'Quận 5', 0, 1446429779, 0, 1, 'display', 'dist'),
(18, 1, 'Quận 6', 0, 1446429779, 0, 1, 'display', 'dist'),
(19, 1, 'Quận 7', 0, 1446429779, 0, 1, 'display', 'dist'),
(20, 1, 'Quận 8', 0, 1446429779, 0, 1, 'display', 'dist'),
(21, 1, 'Quận 9', 0, 1446429779, 0, 1, 'display', 'dist'),
(22, 1, 'Thủ Đức', 0, 1446429779, 0, 1, 'display', 'dist'),
(23, 1, 'Tân Bình', 0, 1446429779, 0, 1, 'display', 'dist'),
(24, 1, 'Tân Phú', 0, 1446429779, 0, 1, 'display', 'dist'),
(25, 2, 'Ba Đình', 0, 1446429779, 0, 1, 'display', 'dist'),
(26, 2, 'Ba Vì', 0, 1446429779, 0, 1, 'display', 'dist'),
(27, 2, 'Bắc Từ Liêm', 0, 1446429779, 0, 1, 'display', 'dist'),
(28, 2, 'Cầu Giấy', 0, 1446429779, 0, 1, 'display', 'dist'),
(29, 2, 'Chương Mỹ', 0, 1446429779, 0, 1, 'display', 'dist'),
(30, 2, 'Đan Phượng', 0, 1446429779, 0, 1, 'display', 'dist'),
(31, 2, 'Đông Anh', 0, 1446429779, 0, 1, 'display', 'dist'),
(32, 2, 'Đống Đa', 0, 1446429779, 0, 1, 'display', 'dist'),
(33, 2, 'Gia Lâm', 0, 1446429779, 0, 1, 'display', 'dist'),
(34, 2, 'Hà Đông', 0, 1446429779, 0, 1, 'display', 'dist'),
(35, 2, 'Hai Bà Trưng', 0, 1446429779, 0, 1, 'display', 'dist'),
(36, 2, 'Hoài Đức', 0, 1446429779, 0, 1, 'display', 'dist'),
(37, 2, 'Hoàn Kiếm', 0, 1446429779, 0, 1, 'display', 'dist'),
(38, 2, 'Hoàng Mai', 0, 1446429779, 0, 1, 'display', 'dist'),
(39, 2, 'Long Biên', 0, 1446429779, 0, 1, 'display', 'dist'),
(40, 2, 'Mê Linh', 0, 1446429779, 0, 1, 'display', 'dist'),
(41, 2, 'Mỹ Đức', 0, 1446429779, 0, 1, 'display', 'dist'),
(42, 2, 'Nam Từ Liêm', 0, 1446429779, 0, 1, 'display', 'dist'),
(43, 2, 'Phú Xuyên', 0, 1446429779, 0, 1, 'display', 'dist'),
(44, 2, 'Phúc Thọ', 0, 1446429779, 0, 1, 'display', 'dist'),
(45, 2, 'Quốc Oai', 0, 1446429779, 0, 1, 'display', 'dist'),
(46, 2, 'Sóc Sơn', 0, 1446429779, 0, 1, 'display', 'dist'),
(47, 2, 'Sơn Tây', 0, 1446429779, 0, 1, 'display', 'dist'),
(48, 2, 'Tây Hồ', 0, 1446429779, 0, 1, 'display', 'dist'),
(49, 2, 'Thạch Thất', 0, 1446429779, 0, 1, 'display', 'dist'),
(50, 2, 'Thanh Oai', 0, 1446429779, 0, 1, 'display', 'dist'),
(51, 2, 'Thanh Trì', 0, 1446429779, 0, 1, 'display', 'dist'),
(52, 2, 'Thanh Xuân', 0, 1446429779, 0, 1, 'display', 'dist'),
(53, 2, 'Thường Tín', 0, 1446429779, 0, 1, 'display', 'dist'),
(54, 2, 'Ứng Hòa', 0, 1446429779, 0, 1, 'display', 'dist'),
(55, 3, 'Bàu Bàng', 0, 1446429779, 0, 1, 'display', 'dist'),
(56, 3, 'Bến Cát', 0, 1446429779, 0, 1, 'display', 'dist'),
(57, 3, 'Dầu Tiếng', 0, 1446429779, 0, 1, 'display', 'dist'),
(58, 3, 'Tân Uyên', 0, 1446429779, 0, 1, 'display', 'dist'),
(59, 3, 'Dĩ An', 0, 1446429779, 0, 1, 'display', 'dist'),
(60, 3, 'Phú Giáo', 0, 1446429779, 0, 1, 'display', 'dist'),
(61, 3, 'Thủ Dầu Một', 0, 1446429779, 0, 1, 'display', 'dist'),
(62, 3, 'Thuận An', 0, 1446429779, 0, 1, 'display', 'dist'),
(63, 4, 'Cẩm Lệ', 0, 1446429779, 0, 1, 'display', 'dist'),
(64, 4, 'Hải Châu', 0, 1446429779, 0, 1, 'display', 'dist'),
(65, 4, 'Hòa Vang', 0, 1446429779, 0, 1, 'display', 'dist'),
(66, 4, 'Hoàng Sa', 0, 1446429779, 0, 1, 'display', 'dist'),
(67, 4, 'Liên Chiểu', 0, 1446429779, 0, 1, 'display', 'dist'),
(68, 4, 'Ngũ Hành Sơn', 0, 1446429779, 0, 1, 'display', 'dist'),
(69, 4, 'Sơn Trà', 0, 1446429779, 0, 1, 'display', 'dist'),
(70, 4, 'Thanh Khê', 0, 1446429779, 0, 1, 'display', 'dist'),
(71, 5, 'An Dương', 0, 1446429779, 0, 1, 'display', 'dist'),
(72, 5, 'An Lão', 0, 1446429779, 0, 1, 'display', 'dist'),
(73, 5, 'Bạch Long Vĩ', 0, 1446429779, 0, 1, 'display', 'dist'),
(74, 5, 'Cát Hải', 0, 1446429779, 0, 1, 'display', 'dist'),
(75, 5, 'Đồ Sơn', 0, 1446429779, 0, 1, 'display', 'dist'),
(76, 5, 'Dương Kinh', 0, 1446429779, 0, 1, 'display', 'dist'),
(77, 5, 'Hải An', 0, 1446429779, 0, 1, 'display', 'dist'),
(78, 5, 'Hồng Bàng', 0, 1446429779, 0, 1, 'display', 'dist'),
(79, 5, 'Kiến An', 0, 1446429779, 0, 1, 'display', 'dist'),
(80, 5, 'Kiến Thụy', 0, 1446429779, 0, 1, 'display', 'dist'),
(81, 5, 'Lê Chân', 0, 1446429779, 0, 1, 'display', 'dist'),
(82, 5, 'Ngô Quyền', 0, 1446429779, 0, 1, 'display', 'dist'),
(83, 5, 'Thủy Nguyên', 0, 1446429779, 0, 1, 'display', 'dist'),
(84, 5, 'Tiên Lãng', 0, 1446429779, 0, 1, 'display', 'dist'),
(85, 5, 'Vĩnh Bảo', 0, 1446429779, 0, 1, 'display', 'dist'),
(86, 6, 'Bến Lức', 0, 1446429779, 0, 1, 'display', 'dist'),
(87, 6, 'Cần Đước', 0, 1446429779, 0, 1, 'display', 'dist'),
(88, 6, 'Cần Giuộc', 0, 1446429779, 0, 1, 'display', 'dist'),
(89, 6, 'Châu Thành', 0, 1446429779, 0, 1, 'display', 'dist'),
(90, 6, 'Đức Hòa', 0, 1446429779, 0, 1, 'display', 'dist'),
(91, 6, 'Đức Huệ', 0, 1446429779, 0, 1, 'display', 'dist'),
(92, 6, 'Kiến Tường', 0, 1446429779, 0, 1, 'display', 'dist'),
(93, 6, 'Mộc Hóa', 0, 1446429779, 0, 1, 'display', 'dist'),
(94, 6, 'Tân An', 0, 1446429779, 0, 1, 'display', 'dist'),
(95, 6, 'Tân Hưng', 0, 1446429779, 0, 1, 'display', 'dist'),
(96, 6, 'Tân Thạnh', 0, 1446429779, 0, 1, 'display', 'dist'),
(97, 6, 'Tân Trụ', 0, 1446429779, 0, 1, 'display', 'dist'),
(98, 6, 'Thạnh Hóa', 0, 1446429779, 0, 1, 'display', 'dist'),
(99, 6, 'Thủ Thừa', 0, 1446429779, 0, 1, 'display', 'dist'),
(100, 6, 'Vĩnh Hưng', 0, 1446429779, 0, 1, 'display', 'dist'),
(101, 7, 'Bà Rịa', 0, 1446429779, 0, 1, 'display', 'dist'),
(102, 7, 'Châu Đức', 0, 1446429779, 0, 1, 'display', 'dist'),
(103, 7, 'Côn Đảo', 0, 1446429779, 0, 1, 'display', 'dist'),
(104, 7, 'Đất Đỏ', 0, 1446429779, 0, 1, 'display', 'dist'),
(105, 7, 'Long Điền', 0, 1446429779, 0, 1, 'display', 'dist'),
(106, 7, 'Tân Thành', 0, 1446429779, 0, 1, 'display', 'dist'),
(107, 7, 'Vũng Tàu', 0, 1446429779, 0, 1, 'display', 'dist'),
(108, 7, 'Xuyên Mộc', 0, 1446429779, 0, 1, 'display', 'dist'),
(109, 8, 'An Phú', 0, 1446429779, 0, 1, 'display', 'dist'),
(110, 8, 'Châu Đốc', 0, 1446429779, 0, 1, 'display', 'dist'),
(111, 8, 'Châu Phú', 0, 1446429779, 0, 1, 'display', 'dist'),
(112, 8, 'Châu Thành', 0, 1446429779, 0, 1, 'display', 'dist'),
(113, 8, 'Chợ Mới', 0, 1446429779, 0, 1, 'display', 'dist'),
(114, 8, 'Long Xuyên', 0, 1446429779, 0, 1, 'display', 'dist'),
(115, 8, 'Phú Tân', 0, 1446429779, 0, 1, 'display', 'dist'),
(116, 8, 'Tân Châu', 0, 1446429779, 0, 1, 'display', 'dist'),
(117, 8, 'Thoại Sơn', 0, 1446429779, 0, 1, 'display', 'dist'),
(118, 8, 'Tịnh Biên', 0, 1446429779, 0, 1, 'display', 'dist'),
(119, 8, 'Tri Tôn', 0, 1446429779, 0, 1, 'display', 'dist'),
(120, 9, 'Bắc Giang', 0, 1446429779, 0, 1, 'display', 'dist'),
(121, 9, 'Hiệp Hòa', 0, 1446429779, 0, 1, 'display', 'dist'),
(122, 9, 'Lạng Giang', 0, 1446429779, 0, 1, 'display', 'dist'),
(123, 9, 'Lục Nam', 0, 1446429779, 0, 1, 'display', 'dist'),
(124, 9, 'Lục Ngạn', 0, 1446429779, 0, 1, 'display', 'dist'),
(125, 9, 'Sơn Động', 0, 1446429779, 0, 1, 'display', 'dist'),
(126, 9, 'Tân Yên', 0, 1446429779, 0, 1, 'display', 'dist'),
(127, 9, 'Việt Yên', 0, 1446429779, 0, 1, 'display', 'dist'),
(128, 9, 'Yên Dũng', 0, 1446429779, 0, 1, 'display', 'dist'),
(129, 9, 'Yên Thế', 0, 1446429779, 0, 1, 'display', 'dist'),
(130, 10, 'Ba Bể', 0, 1446429779, 0, 1, 'display', 'dist'),
(131, 10, 'Bắc Kạn', 0, 1446429779, 0, 1, 'display', 'dist'),
(132, 10, 'Bạch Thông', 0, 1446429779, 0, 1, 'display', 'dist'),
(133, 10, 'Chợ Đồn', 0, 1446429779, 0, 1, 'display', 'dist'),
(134, 10, 'Chợ Mới', 0, 1446429779, 0, 1, 'display', 'dist'),
(135, 10, 'Na Rì', 0, 1446429779, 0, 1, 'display', 'dist'),
(136, 10, 'Ngân Sơn', 0, 1446429779, 0, 1, 'display', 'dist'),
(137, 10, 'Pác Nặm', 0, 1446429779, 0, 1, 'display', 'dist'),
(138, 11, 'Bạc Liêu', 0, 1446429779, 0, 1, 'display', 'dist'),
(139, 11, 'Đông Hải', 0, 1446429779, 0, 1, 'display', 'dist'),
(140, 11, 'Giá Rai', 0, 1446429779, 0, 1, 'display', 'dist'),
(141, 11, 'Hòa Bình', 0, 1446429779, 0, 1, 'display', 'dist'),
(142, 11, 'Hồng Dân', 0, 1446429779, 0, 1, 'display', 'dist'),
(143, 11, 'Phước Long', 0, 1446429779, 0, 1, 'display', 'dist'),
(144, 11, 'Vĩnh Lợi', 0, 1446429779, 0, 1, 'display', 'dist'),
(145, 12, 'Bắc Ninh', 0, 1446429779, 0, 1, 'display', 'dist'),
(146, 12, 'Gia Bình', 0, 1446429779, 0, 1, 'display', 'dist'),
(147, 12, 'Quế Võ', 0, 1446429779, 0, 1, 'display', 'dist'),
(148, 12, 'Thuận Thành', 0, 1446429779, 0, 1, 'display', 'dist'),
(149, 12, 'Lương Tài', 0, 1446429779, 0, 1, 'display', 'dist'),
(150, 12, 'Tiên Du', 0, 1446429779, 0, 1, 'display', 'dist'),
(151, 12, 'Từ Sơn', 0, 1446429779, 0, 1, 'display', 'dist'),
(152, 12, 'Yên Phong', 0, 1446429779, 0, 1, 'display', 'dist'),
(153, 13, 'Ba Tri', 0, 1446429779, 0, 1, 'display', 'dist'),
(154, 13, 'Bến Tre', 0, 1446429779, 0, 1, 'display', 'dist'),
(155, 13, 'Bình Đại', 0, 1446429779, 0, 1, 'display', 'dist'),
(156, 13, 'Châu Thành', 0, 1446429779, 0, 1, 'display', 'dist'),
(157, 13, 'Chợ Lách', 0, 1446429779, 0, 1, 'display', 'dist'),
(158, 13, 'Giồng Trôm', 0, 1446429779, 0, 1, 'display', 'dist'),
(159, 13, 'Mỏ Cày Bắc', 0, 1446429779, 0, 1, 'display', 'dist'),
(160, 13, 'Mỏ Cày Nam', 0, 1446429779, 0, 1, 'display', 'dist'),
(161, 13, 'Thạnh Phú', 0, 1446429779, 0, 1, 'display', 'dist'),
(162, 14, 'An Lão', 0, 1446429779, 0, 1, 'display', 'dist'),
(163, 14, 'An Nhơn', 0, 1446429779, 0, 1, 'display', 'dist'),
(164, 14, 'Hoài Ân', 0, 1446429779, 0, 1, 'display', 'dist'),
(165, 14, 'Phù Mỹ', 0, 1446429779, 0, 1, 'display', 'dist'),
(166, 14, 'Phù Cát', 0, 1446429779, 0, 1, 'display', 'dist'),
(167, 14, 'Hoài Nhơn', 0, 1446429779, 0, 1, 'display', 'dist'),
(168, 14, 'Quy Nhơn', 0, 1446429779, 0, 1, 'display', 'dist'),
(169, 14, 'Tây Sơn', 0, 1446429779, 0, 1, 'display', 'dist'),
(170, 14, 'Tuy Phước', 0, 1446429779, 0, 1, 'display', 'dist'),
(171, 14, 'Vân Canh', 0, 1446429779, 0, 1, 'display', 'dist'),
(172, 14, 'Vĩnh Thạnh', 0, 1446429779, 0, 1, 'display', 'dist'),
(173, 15, 'Bình Long', 0, 1446429779, 0, 1, 'display', 'dist'),
(174, 15, 'Bù Đăng', 0, 1446429779, 0, 1, 'display', 'dist'),
(175, 15, 'Bù Đốp', 0, 1446429779, 0, 1, 'display', 'dist'),
(176, 15, 'Bù Gia Mập', 0, 1446429779, 0, 1, 'display', 'dist'),
(177, 15, 'Chơn Thành', 0, 1446429779, 0, 1, 'display', 'dist'),
(178, 15, 'Đồng Phú', 0, 1446429779, 0, 1, 'display', 'dist'),
(179, 15, 'Đồng Xoài', 0, 1446429779, 0, 1, 'display', 'dist'),
(180, 15, 'Hớn Quản', 0, 1446429779, 0, 1, 'display', 'dist'),
(181, 15, 'Lộc Ninh', 0, 1446429779, 0, 1, 'display', 'dist'),
(182, 15, 'Phú Riềng', 0, 1446429779, 0, 1, 'display', 'dist'),
(183, 15, 'Phước Long', 0, 1446429779, 0, 1, 'display', 'dist'),
(184, 16, 'Bắc Bình', 0, 1446429779, 0, 1, 'display', 'dist'),
(185, 16, 'Đảo Phú Quý', 0, 1446429779, 0, 1, 'display', 'dist'),
(186, 16, 'Đức Linh', 0, 1446429779, 0, 1, 'display', 'dist'),
(187, 16, 'Hàm Thuận Bắc', 0, 1446429779, 0, 1, 'display', 'dist'),
(188, 16, 'Hàm Thuận Nam', 0, 1446429779, 0, 1, 'display', 'dist'),
(189, 16, 'Hàm Tân', 0, 1446429779, 0, 1, 'display', 'dist'),
(190, 16, 'La Gi', 0, 1446429779, 0, 1, 'display', 'dist'),
(191, 16, 'Phan Thiết', 0, 1446429779, 0, 1, 'display', 'dist'),
(192, 16, 'Tánh Linh', 0, 1446429779, 0, 1, 'display', 'dist'),
(193, 16, 'Tuy Phong', 0, 1446429779, 0, 1, 'display', 'dist'),
(194, 17, 'Cà Mau', 0, 1446429779, 0, 1, 'display', 'dist'),
(195, 17, 'Cái Nước', 0, 1446429779, 0, 1, 'display', 'dist'),
(196, 17, 'Đầm Dơi', 0, 1446429779, 0, 1, 'display', 'dist'),
(197, 17, 'Năm Căn', 0, 1446429779, 0, 1, 'display', 'dist'),
(198, 17, 'Ngọc Hiển', 0, 1446429779, 0, 1, 'display', 'dist'),
(199, 17, 'Phú Tân', 0, 1446429779, 0, 1, 'display', 'dist'),
(200, 17, 'Thới Bình', 0, 1446429779, 0, 1, 'display', 'dist'),
(201, 17, 'Trần Văn Thời', 0, 1446429779, 0, 1, 'display', 'dist'),
(202, 17, 'U Minh', 0, 1446429779, 0, 1, 'display', 'dist'),
(203, 18, ' Thới Lai', 0, 1446429779, 0, 1, 'display', 'dist'),
(204, 18, 'Bình Thủy', 0, 1446429779, 0, 1, 'display', 'dist'),
(205, 18, 'Cái Răng', 0, 1446429779, 0, 1, 'display', 'dist'),
(206, 18, 'Ô Môn', 0, 1446429779, 0, 1, 'display', 'dist'),
(207, 18, 'Cờ Đỏ', 0, 1446429779, 0, 1, 'display', 'dist'),
(208, 18, 'Phong Điền', 0, 1446429779, 0, 1, 'display', 'dist'),
(209, 18, 'Ninh Kiều', 0, 1446429779, 0, 1, 'display', 'dist'),
(210, 18, 'Thốt Nốt', 0, 1446429779, 0, 1, 'display', 'dist'),
(211, 18, 'Vĩnh Thạnh', 0, 1446429779, 0, 1, 'display', 'dist'),
(212, 19, 'Bảo Lạc', 0, 1446429779, 0, 1, 'display', 'dist'),
(213, 19, 'Bảo Lâm', 0, 1446429779, 0, 1, 'display', 'dist'),
(214, 19, 'Cao Bằng', 0, 1446429779, 0, 1, 'display', 'dist'),
(215, 19, 'Hạ Lang', 0, 1446429779, 0, 1, 'display', 'dist'),
(216, 19, 'Hà Quảng', 0, 1446429779, 0, 1, 'display', 'dist'),
(217, 19, 'Hòa An', 0, 1446429779, 0, 1, 'display', 'dist'),
(218, 19, 'Nguyên Bình', 0, 1446429779, 0, 1, 'display', 'dist'),
(219, 19, 'Phục Hòa', 0, 1446429779, 0, 1, 'display', 'dist'),
(220, 19, 'Quảng Uyên', 0, 1446429779, 0, 1, 'display', 'dist'),
(221, 19, 'Thạch An', 0, 1446429779, 0, 1, 'display', 'dist'),
(222, 19, 'Thông Nông', 0, 1446429779, 0, 1, 'display', 'dist'),
(223, 19, 'Trà Lĩnh', 0, 1446429779, 0, 1, 'display', 'dist'),
(224, 19, 'Trùng Khánh', 0, 1446429779, 0, 1, 'display', 'dist'),
(225, 20, 'Buôn Đôn', 0, 1446429779, 0, 1, 'display', 'dist'),
(226, 20, 'Buôn Hồ', 0, 1446429779, 0, 1, 'display', 'dist'),
(227, 20, 'Buôn Ma Thuột', 0, 1446429779, 0, 1, 'display', 'dist'),
(228, 20, 'Cư Kuin', 0, 1446429779, 0, 1, 'display', 'dist'),
(229, 20, 'Ea Kar', 0, 1446429779, 0, 1, 'display', 'dist'),
(230, 20, 'Ea Súp', 0, 1446429779, 0, 1, 'display', 'dist'),
(231, 20, 'Krông Ana', 0, 1446429779, 0, 1, 'display', 'dist'),
(232, 20, 'Krông Bông', 0, 1446429779, 0, 1, 'display', 'dist'),
(233, 20, 'Krông Buk', 0, 1446429779, 0, 1, 'display', 'dist'),
(234, 20, 'Krông Năng', 0, 1446429779, 0, 1, 'display', 'dist'),
(235, 20, 'Krông Pắc', 0, 1446429779, 0, 1, 'display', 'dist'),
(236, 20, 'Lăk', 0, 1446429779, 0, 1, 'display', 'dist'),
(237, 21, 'Cư Jút', 0, 1446429779, 0, 1, 'display', 'dist'),
(238, 21, 'Dăk GLong', 0, 1446429779, 0, 1, 'display', 'dist'),
(239, 21, 'Dăk Mil', 0, 1446429779, 0, 1, 'display', 'dist'),
(240, 21, 'Dăk Song', 0, 1446429779, 0, 1, 'display', 'dist'),
(241, 21, 'Gia Nghĩa', 0, 1446429779, 0, 1, 'display', 'dist'),
(242, 21, 'Krông Nô', 0, 1446429779, 0, 1, 'display', 'dist'),
(243, 21, 'Tuy Đức', 0, 1446429779, 0, 1, 'display', 'dist'),
(244, 22, 'Điện Biên', 0, 1446429779, 0, 1, 'display', 'dist'),
(245, 22, 'Điện Biên Đông', 0, 1446429779, 0, 1, 'display', 'dist'),
(246, 22, 'Mường Ảng', 0, 1446429779, 0, 1, 'display', 'dist'),
(247, 22, 'Mường Chà', 0, 1446429779, 0, 1, 'display', 'dist'),
(248, 22, 'Mường Lay', 0, 1446429779, 0, 1, 'display', 'dist'),
(249, 22, 'Điện Biên Phủ', 0, 1446429779, 0, 1, 'display', 'dist'),
(250, 22, 'Mường Nhé', 0, 1446429779, 0, 1, 'display', 'dist'),
(251, 22, 'Nậm Pồ', 0, 1446429779, 0, 1, 'display', 'dist'),
(252, 22, 'Tủa Chùa', 0, 1446429779, 0, 1, 'display', 'dist'),
(253, 22, 'Tuần Giáo', 0, 1446429779, 0, 1, 'display', 'dist'),
(254, 23, 'Biên Hòa', 0, 1446429779, 0, 1, 'display', 'dist'),
(255, 23, 'Cẩm Mỹ', 0, 1446429779, 0, 1, 'display', 'dist'),
(256, 23, 'Định Quán', 0, 1446429779, 0, 1, 'display', 'dist'),
(257, 23, 'Long Thành', 0, 1446429779, 0, 1, 'display', 'dist'),
(258, 23, 'Nhơn Trạch', 0, 1446429779, 0, 1, 'display', 'dist'),
(259, 23, 'Long Khánh', 0, 1446429779, 0, 1, 'display', 'dist'),
(260, 23, 'Tân Phú', 0, 1446429779, 0, 1, 'display', 'dist'),
(261, 23, 'Thống Nhất', 0, 1446429779, 0, 1, 'display', 'dist'),
(262, 23, 'Trảng Bom', 0, 1446429779, 0, 1, 'display', 'dist'),
(263, 23, 'Vĩnh Cửu', 0, 1446429779, 0, 1, 'display', 'dist'),
(264, 23, 'Xuân Lộc', 0, 1446429779, 0, 1, 'display', 'dist'),
(265, 24, 'Châu Thành', 0, 1446429779, 0, 1, 'display', 'dist'),
(266, 24, 'Huyện Cao Lãnh', 0, 1446429779, 0, 1, 'display', 'dist'),
(267, 24, 'Huyện Hồng Ngự', 0, 1446429779, 0, 1, 'display', 'dist'),
(268, 24, 'Lai Vung', 0, 1446429779, 0, 1, 'display', 'dist'),
(269, 24, 'Lấp Vò', 0, 1446429779, 0, 1, 'display', 'dist'),
(270, 24, 'Sa Đéc', 0, 1446429779, 0, 1, 'display', 'dist'),
(271, 24, 'Tam Nông', 0, 1446429779, 0, 1, 'display', 'dist'),
(272, 24, 'Tân Hồng', 0, 1446429779, 0, 1, 'display', 'dist'),
(273, 24, 'Thanh Bình', 0, 1446429779, 0, 1, 'display', 'dist'),
(274, 24, 'Tháp Mười', 0, 1446429779, 0, 1, 'display', 'dist'),
(275, 24, 'Thị xã Hồng Ngự', 0, 1446429779, 0, 1, 'display', 'dist'),
(276, 24, 'Tp. Cao Lãnh', 0, 1446429779, 0, 1, 'display', 'dist'),
(277, 25, 'An Khê', 0, 1446429779, 0, 1, 'display', 'dist'),
(278, 25, 'AYun Pa', 0, 1446429779, 0, 1, 'display', 'dist'),
(279, 25, 'Chư Păh', 0, 1446429779, 0, 1, 'display', 'dist'),
(280, 25, 'Chư Pưh', 0, 1446429779, 0, 1, 'display', 'dist'),
(281, 25, 'Chư Sê', 0, 1446429779, 0, 1, 'display', 'dist'),
(282, 25, 'ChưPRông', 0, 1446429779, 0, 1, 'display', 'dist'),
(283, 25, 'Đăk Đoa', 0, 1446429779, 0, 1, 'display', 'dist'),
(284, 25, 'Đăk Pơ', 0, 1446429779, 0, 1, 'display', 'dist'),
(285, 25, 'Đức Cơ', 0, 1446429779, 0, 1, 'display', 'dist'),
(286, 25, 'Ia Grai', 0, 1446429779, 0, 1, 'display', 'dist'),
(287, 25, 'Ia Pa', 0, 1446429779, 0, 1, 'display', 'dist'),
(288, 25, 'KBang', 0, 1446429779, 0, 1, 'display', 'dist'),
(289, 25, 'Kông Chro', 0, 1446429779, 0, 1, 'display', 'dist'),
(290, 25, 'Krông Pa', 0, 1446429779, 0, 1, 'display', 'dist'),
(291, 25, 'Mang Yang', 0, 1446429779, 0, 1, 'display', 'dist'),
(292, 25, 'Phú Thiện', 0, 1446429779, 0, 1, 'display', 'dist'),
(293, 25, 'Plei Ku', 0, 1446429779, 0, 1, 'display', 'dist'),
(294, 26, 'Bắc Mê', 0, 1446429779, 0, 1, 'display', 'dist'),
(295, 26, 'Bắc Quang', 0, 1446429779, 0, 1, 'display', 'dist'),
(296, 26, 'Đồng Văn', 0, 1446429779, 0, 1, 'display', 'dist'),
(297, 26, 'Hà Giang', 0, 1446429779, 0, 1, 'display', 'dist'),
(298, 26, 'Hoàng Su Phì', 0, 1446429779, 0, 1, 'display', 'dist'),
(299, 26, 'Mèo Vạc', 0, 1446429779, 0, 1, 'display', 'dist'),
(300, 26, 'Quản Bạ', 0, 1446429779, 0, 1, 'display', 'dist'),
(301, 26, 'Quang Bình', 0, 1446429779, 0, 1, 'display', 'dist'),
(302, 26, 'Vị Xuyên', 0, 1446429779, 0, 1, 'display', 'dist'),
(303, 26, 'Xín Mần', 0, 1446429779, 0, 1, 'display', 'dist'),
(304, 26, 'Yên Minh', 0, 1446429779, 0, 1, 'display', 'dist'),
(305, 27, 'Bình Lục', 0, 1446429779, 0, 1, 'display', 'dist'),
(306, 27, 'Duy Tiên', 0, 1446429779, 0, 1, 'display', 'dist'),
(307, 27, 'Kim Bảng', 0, 1446429779, 0, 1, 'display', 'dist'),
(308, 27, 'Lý Nhân', 0, 1446429779, 0, 1, 'display', 'dist'),
(309, 27, 'Phủ Lý', 0, 1446429779, 0, 1, 'display', 'dist'),
(310, 27, 'Thanh Liêm', 0, 1446429779, 0, 1, 'display', 'dist'),
(311, 28, 'Cẩm Xuyên', 0, 1446429779, 0, 1, 'display', 'dist'),
(312, 28, 'Can Lộc', 0, 1446429779, 0, 1, 'display', 'dist'),
(313, 28, 'Đức Thọ', 0, 1446429779, 0, 1, 'display', 'dist'),
(314, 28, 'Hà Tĩnh', 0, 1446429779, 0, 1, 'display', 'dist'),
(315, 28, 'Hồng Lĩnh', 0, 1446429779, 0, 1, 'display', 'dist'),
(316, 28, 'Hương Khê', 0, 1446429779, 0, 1, 'display', 'dist'),
(317, 28, 'Hương Sơn', 0, 1446429779, 0, 1, 'display', 'dist'),
(318, 28, 'Kỳ Anh', 0, 1446429779, 0, 1, 'display', 'dist'),
(319, 28, 'Lộc Hà', 0, 1446429779, 0, 1, 'display', 'dist'),
(320, 28, 'Nghi Xuân', 0, 1446429779, 0, 1, 'display', 'dist'),
(321, 28, 'Thạch Hà', 0, 1446429779, 0, 1, 'display', 'dist'),
(322, 28, 'Vũ Quang', 0, 1446429779, 0, 1, 'display', 'dist'),
(323, 29, 'Bình Giang', 0, 1446429779, 0, 1, 'display', 'dist'),
(324, 29, 'Cẩm Giàng', 0, 1446429779, 0, 1, 'display', 'dist'),
(325, 29, 'Chí Linh', 0, 1446429779, 0, 1, 'display', 'dist'),
(326, 29, 'Gia Lộc', 0, 1446429779, 0, 1, 'display', 'dist'),
(327, 29, 'Kim Thành', 0, 1446429779, 0, 1, 'display', 'dist'),
(328, 29, 'Kinh Môn', 0, 1446429779, 0, 1, 'display', 'dist'),
(329, 29, 'Hải Dương', 0, 1446429779, 0, 1, 'display', 'dist'),
(330, 29, 'Nam Sách', 0, 1446429779, 0, 1, 'display', 'dist'),
(331, 29, 'Ninh Giang', 0, 1446429779, 0, 1, 'display', 'dist'),
(332, 29, 'Thanh Hà', 0, 1446429779, 0, 1, 'display', 'dist'),
(333, 29, 'Thanh Miện', 0, 1446429779, 0, 1, 'display', 'dist'),
(334, 29, 'Tứ Kỳ', 0, 1446429779, 0, 1, 'display', 'dist'),
(335, 30, 'Châu Thành', 0, 1446429779, 0, 1, 'display', 'dist'),
(336, 30, 'Châu Thành A', 0, 1446429779, 0, 1, 'display', 'dist'),
(337, 30, 'Long Mỹ', 0, 1446429779, 0, 1, 'display', 'dist'),
(338, 30, 'Ngã Bảy', 0, 1446429779, 0, 1, 'display', 'dist'),
(339, 30, 'Phụng Hiệp', 0, 1446429779, 0, 1, 'display', 'dist'),
(340, 30, 'Vị Thanh', 0, 1446429779, 0, 1, 'display', 'dist'),
(341, 30, 'Vị Thủy', 0, 1446429779, 0, 1, 'display', 'dist'),
(342, 31, 'Cao Phong', 0, 1446429779, 0, 1, 'display', 'dist'),
(343, 31, 'Đà Bắc', 0, 1446429779, 0, 1, 'display', 'dist'),
(344, 31, 'Hòa Bình', 0, 1446429779, 0, 1, 'display', 'dist'),
(345, 31, 'Kim Bôi', 0, 1446429779, 0, 1, 'display', 'dist'),
(346, 31, 'Kỳ Sơn', 0, 1446429779, 0, 1, 'display', 'dist'),
(347, 31, 'Lạc Sơn', 0, 1446429779, 0, 1, 'display', 'dist'),
(348, 31, 'Lạc Thủy', 0, 1446429779, 0, 1, 'display', 'dist'),
(349, 31, 'Lương Sơn', 0, 1446429779, 0, 1, 'display', 'dist'),
(350, 31, 'Mai Châu', 0, 1446429779, 0, 1, 'display', 'dist'),
(351, 31, 'Tân Lạc', 0, 1446429779, 0, 1, 'display', 'dist'),
(352, 31, 'Yên Thủy', 0, 1446429779, 0, 1, 'display', 'dist'),
(353, 32, 'Ân Thi', 0, 1446429779, 0, 1, 'display', 'dist'),
(354, 32, 'Hưng Yên', 0, 1446429779, 0, 1, 'display', 'dist'),
(355, 32, 'Khoái Châu', 0, 1446429779, 0, 1, 'display', 'dist'),
(356, 32, 'Mỹ Hào', 0, 1446429779, 0, 1, 'display', 'dist'),
(357, 32, 'Kim Động', 0, 1446429779, 0, 1, 'display', 'dist'),
(358, 32, 'Phù Cừ', 0, 1446429779, 0, 1, 'display', 'dist'),
(359, 32, 'Tiên Lữ', 0, 1446429779, 0, 1, 'display', 'dist'),
(360, 32, 'Văn Giang', 0, 1446429779, 0, 1, 'display', 'dist'),
(361, 32, 'Văn Lâm', 0, 1446429779, 0, 1, 'display', 'dist'),
(362, 32, 'Yên Mỹ', 0, 1446429779, 0, 1, 'display', 'dist'),
(363, 33, 'Cam Lâm', 0, 1446429779, 0, 1, 'display', 'dist'),
(364, 33, 'Cam Ranh', 0, 1446429779, 0, 1, 'display', 'dist'),
(365, 33, 'Diên Khánh', 0, 1446429779, 0, 1, 'display', 'dist'),
(366, 33, 'Khánh Sơn', 0, 1446429779, 0, 1, 'display', 'dist'),
(367, 33, 'Khánh Vĩnh', 0, 1446429779, 0, 1, 'display', 'dist'),
(368, 33, 'Nha Trang', 0, 1446429779, 0, 1, 'display', 'dist'),
(369, 33, 'Ninh Hòa', 0, 1446429779, 0, 1, 'display', 'dist'),
(370, 33, 'Trường Sa', 0, 1446429779, 0, 1, 'display', 'dist'),
(371, 33, 'Vạn Ninh', 0, 1446429779, 0, 1, 'display', 'dist'),
(372, 34, 'An Biên', 0, 1446429779, 0, 1, 'display', 'dist'),
(373, 34, 'An Minh', 0, 1446429779, 0, 1, 'display', 'dist'),
(374, 34, 'Châu Thành', 0, 1446429779, 0, 1, 'display', 'dist'),
(375, 34, 'Giang Thành', 0, 1446429779, 0, 1, 'display', 'dist'),
(376, 34, 'Giồng Riềng', 0, 1446429779, 0, 1, 'display', 'dist'),
(377, 34, 'Gò Quao', 0, 1446429779, 0, 1, 'display', 'dist'),
(378, 34, 'Hà Tiên', 0, 1446429779, 0, 1, 'display', 'dist'),
(379, 34, 'Kiên Hải', 0, 1446429779, 0, 1, 'display', 'dist'),
(380, 34, 'Hòn Đất', 0, 1446429779, 0, 1, 'display', 'dist'),
(381, 34, 'Kiên Lương', 0, 1446429779, 0, 1, 'display', 'dist'),
(382, 34, 'Phú Quốc', 0, 1446429779, 0, 1, 'display', 'dist'),
(383, 34, 'Rạch Giá', 0, 1446429779, 0, 1, 'display', 'dist'),
(384, 34, 'Tân Hiệp', 0, 1446429779, 0, 1, 'display', 'dist'),
(385, 34, 'U minh Thượng', 0, 1446429779, 0, 1, 'display', 'dist'),
(386, 34, 'Vĩnh Thuận', 0, 1446429779, 0, 1, 'display', 'dist'),
(387, 35, 'Đăk Glei', 0, 1446429779, 0, 1, 'display', 'dist'),
(388, 35, 'Đăk Hà', 0, 1446429779, 0, 1, 'display', 'dist'),
(389, 35, 'Kon Rẫy', 0, 1446429779, 0, 1, 'display', 'dist'),
(390, 35, 'Đăk Tô', 0, 1446429779, 0, 1, 'display', 'dist'),
(391, 35, 'Kon Plông', 0, 1446429779, 0, 1, 'display', 'dist'),
(392, 35, 'KonTum', 0, 1446429779, 0, 1, 'display', 'dist'),
(393, 35, 'Ngọc Hồi', 0, 1446429779, 0, 1, 'display', 'dist'),
(394, 35, 'Sa Thầy', 0, 1446429779, 0, 1, 'display', 'dist'),
(395, 35, 'Tu Mơ Rông', 0, 1446429779, 0, 1, 'display', 'dist'),
(396, 36, 'Lai Châu', 0, 1446429779, 0, 1, 'display', 'dist'),
(397, 36, 'Mường Tè', 0, 1446429779, 0, 1, 'display', 'dist'),
(398, 36, 'Nậm Nhùn', 0, 1446429779, 0, 1, 'display', 'dist'),
(399, 36, 'Phong Thổ', 0, 1446429779, 0, 1, 'display', 'dist'),
(400, 36, 'Sìn Hồ', 0, 1446429779, 0, 1, 'display', 'dist'),
(401, 36, 'Tam Đường', 0, 1446429779, 0, 1, 'display', 'dist'),
(402, 36, 'Tân Uyên', 0, 1446429779, 0, 1, 'display', 'dist'),
(403, 36, 'Than Uyên', 0, 1446429779, 0, 1, 'display', 'dist'),
(404, 37, 'Bảo Lâm', 0, 1446429779, 0, 1, 'display', 'dist'),
(405, 37, 'Bảo Lộc', 0, 1446429779, 0, 1, 'display', 'dist'),
(406, 37, 'Cát Tiên', 0, 1446429779, 0, 1, 'display', 'dist'),
(407, 37, 'Đam Rông', 0, 1446429779, 0, 1, 'display', 'dist'),
(408, 37, 'Đạ Tẻh', 0, 1446429779, 0, 1, 'display', 'dist'),
(409, 37, 'Đà Lạt', 0, 1446429779, 0, 1, 'display', 'dist'),
(410, 37, 'Di Linh', 0, 1446429779, 0, 1, 'display', 'dist'),
(411, 37, 'Đạ Huoai', 0, 1446429779, 0, 1, 'display', 'dist'),
(412, 37, 'Đơn Dương', 0, 1446429779, 0, 1, 'display', 'dist'),
(413, 37, 'Đức Trọng', 0, 1446429779, 0, 1, 'display', 'dist'),
(414, 37, 'Lạc Dương', 0, 1446429779, 0, 1, 'display', 'dist'),
(415, 37, 'Lâm Hà', 0, 1446429779, 0, 1, 'display', 'dist'),
(416, 38, 'Bắc Sơn', 0, 1446429779, 0, 1, 'display', 'dist'),
(417, 38, 'Bình Gia', 0, 1446429779, 0, 1, 'display', 'dist'),
(418, 38, 'Cao Lộc', 0, 1446429779, 0, 1, 'display', 'dist'),
(419, 38, 'Chi Lăng', 0, 1446429779, 0, 1, 'display', 'dist'),
(420, 38, 'Đình Lập', 0, 1446429779, 0, 1, 'display', 'dist'),
(421, 38, 'Lạng Sơn', 0, 1446429779, 0, 1, 'display', 'dist'),
(422, 38, 'Hữu Lũng', 0, 1446429779, 0, 1, 'display', 'dist'),
(423, 38, 'Lộc Bình', 0, 1446429779, 0, 1, 'display', 'dist'),
(424, 38, 'Tràng Định', 0, 1446429779, 0, 1, 'display', 'dist'),
(425, 38, 'Văn Lãng', 0, 1446429779, 0, 1, 'display', 'dist'),
(426, 38, 'Văn Quan', 0, 1446429779, 0, 1, 'display', 'dist'),
(427, 39, 'Bắc Hà', 0, 1446429779, 0, 1, 'display', 'dist'),
(428, 39, 'Bảo Thắng', 0, 1446429779, 0, 1, 'display', 'dist'),
(429, 39, 'Lào Cai', 0, 1446429779, 0, 1, 'display', 'dist'),
(430, 39, 'Bát Xát', 0, 1446429779, 0, 1, 'display', 'dist'),
(431, 39, 'Bảo Yên', 0, 1446429779, 0, 1, 'display', 'dist'),
(432, 39, 'Mường Khương', 0, 1446429779, 0, 1, 'display', 'dist'),
(433, 39, 'Sa Pa', 0, 1446429779, 0, 1, 'display', 'dist'),
(434, 39, 'Văn Bàn', 0, 1446429779, 0, 1, 'display', 'dist'),
(435, 39, 'Xi Ma Cai', 0, 1446429779, 0, 1, 'display', 'dist'),
(436, 40, 'Giao Thủy', 0, 1446429779, 0, 1, 'display', 'dist'),
(437, 40, 'Hải Hậu', 0, 1446429779, 0, 1, 'display', 'dist'),
(438, 40, 'Mỹ Lộc', 0, 1446429779, 0, 1, 'display', 'dist'),
(439, 40, 'Trực Ninh', 0, 1446429779, 0, 1, 'display', 'dist'),
(440, 40, 'Nghĩa Hưng', 0, 1446429779, 0, 1, 'display', 'dist'),
(441, 40, 'Nam Trực', 0, 1446429779, 0, 1, 'display', 'dist'),
(442, 40, 'Nam Định', 0, 1446429779, 0, 1, 'display', 'dist'),
(443, 40, 'Vụ Bản', 0, 1446429779, 0, 1, 'display', 'dist'),
(444, 40, 'Xuân Trường', 0, 1446429779, 0, 1, 'display', 'dist'),
(445, 40, 'Ý Yên', 0, 1446429779, 0, 1, 'display', 'dist'),
(446, 41, 'Anh Sơn', 0, 1446429779, 0, 1, 'display', 'dist'),
(447, 41, 'Con Cuông', 0, 1446429779, 0, 1, 'display', 'dist'),
(448, 41, 'Cửa Lò', 0, 1446429779, 0, 1, 'display', 'dist'),
(449, 41, 'Diễn Châu', 0, 1446429779, 0, 1, 'display', 'dist'),
(450, 41, 'Đô Lương', 0, 1446429779, 0, 1, 'display', 'dist'),
(451, 41, 'Hoàng Mai', 0, 1446429779, 0, 1, 'display', 'dist'),
(452, 41, 'Hưng Nguyên', 0, 1446429779, 0, 1, 'display', 'dist'),
(453, 41, 'Kỳ Sơn', 0, 1446429779, 0, 1, 'display', 'dist'),
(454, 41, 'Nam Đàn', 0, 1446429779, 0, 1, 'display', 'dist'),
(455, 41, 'Nghi Lộc', 0, 1446429779, 0, 1, 'display', 'dist'),
(456, 41, 'Nghĩa Đàn', 0, 1446429779, 0, 1, 'display', 'dist'),
(457, 41, 'Quế Phong', 0, 1446429779, 0, 1, 'display', 'dist'),
(458, 41, 'Quỳ Châu', 0, 1446429779, 0, 1, 'display', 'dist'),
(459, 41, 'Quỳ Hợp', 0, 1446429779, 0, 1, 'display', 'dist'),
(460, 41, 'Quỳnh Lưu', 0, 1446429779, 0, 1, 'display', 'dist'),
(461, 41, 'Tân Kỳ', 0, 1446429779, 0, 1, 'display', 'dist'),
(462, 41, 'Thái Hòa', 0, 1446429779, 0, 1, 'display', 'dist'),
(463, 41, 'Thanh Chương', 0, 1446429779, 0, 1, 'display', 'dist'),
(464, 41, 'Tương Dương', 0, 1446429779, 0, 1, 'display', 'dist'),
(465, 41, 'Vinh', 0, 1446429779, 0, 1, 'display', 'dist'),
(466, 41, 'Yên Thành', 0, 1446429779, 0, 1, 'display', 'dist'),
(467, 42, 'Gia Viễn', 0, 1446429779, 0, 1, 'display', 'dist'),
(468, 42, 'Hoa Lư', 0, 1446429779, 0, 1, 'display', 'dist'),
(469, 42, 'Kim Sơn', 0, 1446429779, 0, 1, 'display', 'dist'),
(470, 42, 'Nho Quan', 0, 1446429779, 0, 1, 'display', 'dist'),
(471, 42, 'Ninh Bình', 0, 1446429779, 0, 1, 'display', 'dist'),
(472, 42, 'Tam Điệp', 0, 1446429779, 0, 1, 'display', 'dist'),
(473, 42, 'Yên Khánh', 0, 1446429779, 0, 1, 'display', 'dist'),
(474, 42, 'Yên Mô', 0, 1446429779, 0, 1, 'display', 'dist'),
(475, 43, 'Bác Ái', 0, 1446429779, 0, 1, 'display', 'dist'),
(476, 43, 'Ninh Hải', 0, 1446429779, 0, 1, 'display', 'dist'),
(477, 43, 'Ninh Phước', 0, 1446429779, 0, 1, 'display', 'dist'),
(478, 43, 'Ninh Sơn', 0, 1446429779, 0, 1, 'display', 'dist'),
(479, 43, 'Phan Rang - Tháp Chàm', 0, 1446429779, 0, 1, 'display', 'dist'),
(480, 43, 'Thuận Bắc', 0, 1446429779, 0, 1, 'display', 'dist'),
(481, 43, 'Thuận Nam', 0, 1446429779, 0, 1, 'display', 'dist'),
(482, 44, 'Cẩm Khê', 0, 1446429779, 0, 1, 'display', 'dist'),
(483, 44, 'Đoan Hùng', 0, 1446429779, 0, 1, 'display', 'dist'),
(484, 44, 'Hạ Hòa', 0, 1446429779, 0, 1, 'display', 'dist'),
(485, 44, 'Lâm Thao', 0, 1446429779, 0, 1, 'display', 'dist'),
(486, 44, 'Phù Ninh', 0, 1446429779, 0, 1, 'display', 'dist'),
(487, 44, 'Phú Thọ', 0, 1446429779, 0, 1, 'display', 'dist'),
(488, 44, 'Tam Nông', 0, 1446429779, 0, 1, 'display', 'dist'),
(489, 44, 'Tân Sơn', 0, 1446429779, 0, 1, 'display', 'dist'),
(490, 44, 'Thanh Ba', 0, 1446429779, 0, 1, 'display', 'dist'),
(491, 44, 'Thanh Sơn', 0, 1446429779, 0, 1, 'display', 'dist'),
(492, 44, 'Thanh Thủy', 0, 1446429779, 0, 1, 'display', 'dist'),
(493, 44, 'Việt Trì', 0, 1446429779, 0, 1, 'display', 'dist'),
(494, 44, 'Yên Lập', 0, 1446429779, 0, 1, 'display', 'dist'),
(495, 45, 'Đông Hòa', 0, 1446429779, 0, 1, 'display', 'dist'),
(496, 45, 'Đồng Xuân', 0, 1446429779, 0, 1, 'display', 'dist'),
(497, 45, 'Sơn Hòa', 0, 1446429779, 0, 1, 'display', 'dist'),
(498, 45, 'Sông Cầu', 0, 1446429779, 0, 1, 'display', 'dist'),
(499, 45, 'Sông Hinh', 0, 1446429779, 0, 1, 'display', 'dist'),
(500, 45, 'Phú Hòa', 0, 1446429779, 0, 1, 'display', 'dist'),
(501, 45, 'Tây Hòa', 0, 1446429779, 0, 1, 'display', 'dist'),
(502, 45, 'Tuy An', 0, 1446429779, 0, 1, 'display', 'dist'),
(503, 45, 'Tuy Hòa', 0, 1446429779, 0, 1, 'display', 'dist'),
(504, 46, 'Ba Đồn', 0, 1446429779, 0, 1, 'display', 'dist'),
(505, 46, 'Bố Trạch', 0, 1446429779, 0, 1, 'display', 'dist'),
(506, 46, 'Đồng Hới', 0, 1446429779, 0, 1, 'display', 'dist'),
(507, 46, 'Lệ Thủy', 0, 1446429779, 0, 1, 'display', 'dist'),
(508, 46, 'Minh Hóa', 0, 1446429779, 0, 1, 'display', 'dist'),
(509, 46, 'Quảng Ninh', 0, 1446429779, 0, 1, 'display', 'dist'),
(510, 46, 'Quảng Trạch', 0, 1446429779, 0, 1, 'display', 'dist'),
(511, 46, 'Tuyên Hóa', 0, 1446429779, 0, 1, 'display', 'dist'),
(512, 47, 'Bắc Trà My', 0, 1446429779, 0, 1, 'display', 'dist'),
(513, 47, 'Đại Lộc', 0, 1446429779, 0, 1, 'display', 'dist'),
(514, 47, 'Điện Bàn', 0, 1446429779, 0, 1, 'display', 'dist'),
(515, 47, 'Đông Giang', 0, 1446429779, 0, 1, 'display', 'dist'),
(516, 47, 'Hiệp Đức', 0, 1446429779, 0, 1, 'display', 'dist'),
(517, 47, 'Duy Xuyên', 0, 1446429779, 0, 1, 'display', 'dist'),
(518, 47, 'Hội An', 0, 1446429779, 0, 1, 'display', 'dist'),
(519, 47, 'Nam Giang', 0, 1446429779, 0, 1, 'display', 'dist'),
(520, 47, 'Nam Trà My', 0, 1446429779, 0, 1, 'display', 'dist'),
(521, 47, 'Nông Sơn', 0, 1446429779, 0, 1, 'display', 'dist'),
(522, 47, 'Núi Thành', 0, 1446429779, 0, 1, 'display', 'dist'),
(523, 47, 'Phú Ninh', 0, 1446429779, 0, 1, 'display', 'dist'),
(524, 47, 'Phước Sơn', 0, 1446429779, 0, 1, 'display', 'dist'),
(525, 47, 'Quế Sơn', 0, 1446429779, 0, 1, 'display', 'dist'),
(526, 47, 'Tam Kỳ', 0, 1446429779, 0, 1, 'display', 'dist'),
(527, 47, 'Tây Giang', 0, 1446429779, 0, 1, 'display', 'dist'),
(528, 47, 'Thăng Bình', 0, 1446429779, 0, 1, 'display', 'dist'),
(529, 47, 'Tiên Phước', 0, 1446429779, 0, 1, 'display', 'dist'),
(530, 48, 'Ba Tơ', 0, 1446429779, 0, 1, 'display', 'dist'),
(531, 48, 'Bình Sơn', 0, 1446429779, 0, 1, 'display', 'dist'),
(532, 48, 'Đức Phổ', 0, 1446429779, 0, 1, 'display', 'dist'),
(533, 48, 'Lý Sơn', 0, 1446429779, 0, 1, 'display', 'dist'),
(534, 48, 'Minh Long', 0, 1446429779, 0, 1, 'display', 'dist'),
(535, 48, 'Mộ Đức', 0, 1446429779, 0, 1, 'display', 'dist'),
(536, 48, 'Nghĩa Hành', 0, 1446429779, 0, 1, 'display', 'dist'),
(537, 48, 'Quảng Ngãi', 0, 1446429779, 0, 1, 'display', 'dist'),
(538, 48, 'Sơn Hà', 0, 1446429779, 0, 1, 'display', 'dist'),
(539, 48, 'Sơn Tây', 0, 1446429779, 0, 1, 'display', 'dist'),
(540, 48, 'Sơn Tịnh', 0, 1446429779, 0, 1, 'display', 'dist'),
(541, 48, 'Tây Trà', 0, 1446429779, 0, 1, 'display', 'dist'),
(542, 48, 'Trà Bồng', 0, 1446429779, 0, 1, 'display', 'dist'),
(543, 48, 'Tư Nghĩa', 0, 1446429779, 0, 1, 'display', 'dist'),
(544, 49, 'Ba Chẽ', 0, 1446429779, 0, 1, 'display', 'dist'),
(545, 49, 'Cẩm Phả', 0, 1446429779, 0, 1, 'display', 'dist'),
(546, 49, 'Bình Liêu', 0, 1446429779, 0, 1, 'display', 'dist'),
(547, 49, 'Cô Tô', 0, 1446429779, 0, 1, 'display', 'dist'),
(548, 49, 'Đầm Hà', 0, 1446429779, 0, 1, 'display', 'dist'),
(549, 49, 'Đông Triều', 0, 1446429779, 0, 1, 'display', 'dist'),
(550, 49, 'Hạ Long', 0, 1446429779, 0, 1, 'display', 'dist'),
(551, 49, 'Hải Hà', 0, 1446429779, 0, 1, 'display', 'dist'),
(552, 49, 'Hoành Bồ', 0, 1446429779, 0, 1, 'display', 'dist'),
(553, 49, 'Móng Cái', 0, 1446429779, 0, 1, 'display', 'dist'),
(554, 49, 'Quảng Yên', 0, 1446429779, 0, 1, 'display', 'dist'),
(555, 49, 'Tiên Yên', 0, 1446429779, 0, 1, 'display', 'dist'),
(556, 49, 'Uông Bí', 0, 1446429779, 0, 1, 'display', 'dist'),
(557, 49, 'Vân Đồn', 0, 1446429779, 0, 1, 'display', 'dist'),
(558, 50, 'Cam Lộ', 0, 1446429779, 0, 1, 'display', 'dist'),
(559, 50, 'Đảo Cồn cỏ', 0, 1446429779, 0, 1, 'display', 'dist'),
(560, 50, 'Đăk Rông', 0, 1446429779, 0, 1, 'display', 'dist'),
(561, 50, 'Đông Hà', 0, 1446429779, 0, 1, 'display', 'dist'),
(562, 50, 'Gio Linh', 0, 1446429779, 0, 1, 'display', 'dist'),
(563, 50, 'Hải Lăng', 0, 1446429779, 0, 1, 'display', 'dist'),
(564, 50, 'Hướng Hóa', 0, 1446429779, 0, 1, 'display', 'dist'),
(565, 50, 'Quảng Trị', 0, 1446429779, 0, 1, 'display', 'dist'),
(566, 50, 'Triệu Phong', 0, 1446429779, 0, 1, 'display', 'dist'),
(567, 50, 'Vĩnh Linh', 0, 1446429779, 0, 1, 'display', 'dist'),
(568, 51, 'Châu Thành', 0, 1446429779, 0, 1, 'display', 'dist'),
(569, 51, 'Cù Lao Dung', 0, 1446429779, 0, 1, 'display', 'dist'),
(570, 51, 'Mỹ Xuyên', 0, 1446429779, 0, 1, 'display', 'dist'),
(571, 51, 'Mỹ Tú', 0, 1446429779, 0, 1, 'display', 'dist'),
(572, 51, 'Long Phú', 0, 1446429779, 0, 1, 'display', 'dist'),
(573, 51, 'Kế Sách', 0, 1446429779, 0, 1, 'display', 'dist'),
(574, 51, 'Ngã Năm', 0, 1446429779, 0, 1, 'display', 'dist'),
(575, 51, 'Sóc Trăng', 0, 1446429779, 0, 1, 'display', 'dist'),
(576, 51, 'Thạnh Trị', 0, 1446429779, 0, 1, 'display', 'dist'),
(577, 51, 'Trần Đề', 0, 1446429779, 0, 1, 'display', 'dist'),
(578, 51, 'Vĩnh Châu', 0, 1446429779, 0, 1, 'display', 'dist'),
(579, 52, 'Mai Sơn', 0, 1446429779, 0, 1, 'display', 'dist'),
(580, 52, 'Bắc Yên', 0, 1446429779, 0, 1, 'display', 'dist'),
(581, 52, 'Mộc Châu', 0, 1446429779, 0, 1, 'display', 'dist'),
(582, 52, 'Mường La', 0, 1446429779, 0, 1, 'display', 'dist'),
(583, 52, 'Quỳnh Nhai', 0, 1446429779, 0, 1, 'display', 'dist'),
(584, 52, 'Phù Yên', 0, 1446429779, 0, 1, 'display', 'dist'),
(585, 52, 'Sơn La', 0, 1446429779, 0, 1, 'display', 'dist'),
(586, 52, 'Sông Mã', 0, 1446429779, 0, 1, 'display', 'dist'),
(587, 52, 'Sốp Cộp', 0, 1446429779, 0, 1, 'display', 'dist'),
(588, 52, 'Thuận Châu', 0, 1446429779, 0, 1, 'display', 'dist'),
(589, 52, 'Vân Hồ', 0, 1446429779, 0, 1, 'display', 'dist'),
(590, 52, 'Yên Châu', 0, 1446429779, 0, 1, 'display', 'dist'),
(591, 53, 'Bến Cầu', 0, 1446429779, 0, 1, 'display', 'dist'),
(592, 53, 'Châu Thành', 0, 1446429779, 0, 1, 'display', 'dist'),
(593, 53, 'Gò Dầu', 0, 1446429779, 0, 1, 'display', 'dist'),
(594, 53, 'Dương Minh Châu', 0, 1446429779, 0, 1, 'display', 'dist'),
(595, 53, 'Tân Biên', 0, 1446429779, 0, 1, 'display', 'dist'),
(596, 53, 'Hòa Thành', 0, 1446429779, 0, 1, 'display', 'dist'),
(597, 53, 'Tân Châu', 0, 1446429779, 0, 1, 'display', 'dist'),
(598, 53, 'Tây Ninh', 0, 1446429779, 0, 1, 'display', 'dist'),
(599, 53, 'Trảng Bàng', 0, 1446429779, 0, 1, 'display', 'dist'),
(600, 54, 'Đông Hưng', 0, 1446429779, 0, 1, 'display', 'dist'),
(601, 54, 'Thái Bình', 0, 1446429779, 0, 1, 'display', 'dist'),
(602, 54, 'Hưng Hà', 0, 1446429779, 0, 1, 'display', 'dist'),
(603, 54, 'Kiến Xương', 0, 1446429779, 0, 1, 'display', 'dist'),
(604, 54, 'Quỳnh Phụ', 0, 1446429779, 0, 1, 'display', 'dist'),
(605, 54, 'Thái Thuỵ', 0, 1446429779, 0, 1, 'display', 'dist'),
(606, 54, 'Tiền Hải', 0, 1446429779, 0, 1, 'display', 'dist'),
(607, 54, 'Vũ Thư', 0, 1446429779, 0, 1, 'display', 'dist'),
(608, 55, 'Định Hóa', 0, 1446429779, 0, 1, 'display', 'dist'),
(609, 55, 'Đại Từ', 0, 1446429779, 0, 1, 'display', 'dist'),
(610, 55, 'Đồng Hỷ', 0, 1446429779, 0, 1, 'display', 'dist'),
(611, 55, 'Phổ Yên', 0, 1446429779, 0, 1, 'display', 'dist'),
(612, 55, 'Phú Lương', 0, 1446429779, 0, 1, 'display', 'dist'),
(613, 55, 'Phú Bình', 0, 1446429779, 0, 1, 'display', 'dist'),
(614, 55, 'Sông Công', 0, 1446429779, 0, 1, 'display', 'dist'),
(615, 55, 'Thái Nguyên', 0, 1446429779, 0, 1, 'display', 'dist'),
(616, 55, 'Võ Nhai', 0, 1446429779, 0, 1, 'display', 'dist'),
(617, 56, 'Bá Thước', 0, 1446429779, 0, 1, 'display', 'dist'),
(618, 56, 'Bỉm Sơn', 0, 1446429779, 0, 1, 'display', 'dist'),
(619, 56, 'Cẩm Thủy', 0, 1446429779, 0, 1, 'display', 'dist'),
(620, 56, 'Đông Sơn', 0, 1446429779, 0, 1, 'display', 'dist'),
(621, 56, 'Hà Trung', 0, 1446429779, 0, 1, 'display', 'dist'),
(622, 56, 'Hậu Lộc', 0, 1446429779, 0, 1, 'display', 'dist'),
(623, 56, 'Hoằng Hóa', 0, 1446429779, 0, 1, 'display', 'dist'),
(624, 56, 'Lang Chánh', 0, 1446429779, 0, 1, 'display', 'dist'),
(625, 56, 'Mường Lát', 0, 1446429779, 0, 1, 'display', 'dist'),
(626, 56, 'Nga Sơn', 0, 1446429779, 0, 1, 'display', 'dist'),
(627, 56, 'Ngọc Lặc', 0, 1446429779, 0, 1, 'display', 'dist'),
(628, 56, 'Như Thanh', 0, 1446429779, 0, 1, 'display', 'dist'),
(629, 56, 'Như Xuân', 0, 1446429779, 0, 1, 'display', 'dist'),
(630, 56, 'Nông Cống', 0, 1446429779, 0, 1, 'display', 'dist'),
(631, 56, 'Quan Hóa', 0, 1446429779, 0, 1, 'display', 'dist'),
(632, 56, 'Quan Sơn', 0, 1446429779, 0, 1, 'display', 'dist'),
(633, 56, 'Quảng Xương', 0, 1446429779, 0, 1, 'display', 'dist'),
(634, 56, 'Sầm Sơn', 0, 1446429779, 0, 1, 'display', 'dist'),
(635, 56, 'Thạch Thành', 0, 1446429779, 0, 1, 'display', 'dist'),
(636, 56, 'Thanh Hóa', 0, 1446429779, 0, 1, 'display', 'dist'),
(637, 56, 'Thiệu Hóa', 0, 1446429779, 0, 1, 'display', 'dist'),
(638, 56, 'Thọ Xuân', 0, 1446429779, 0, 1, 'display', 'dist'),
(639, 56, 'Thường Xuân', 0, 1446429779, 0, 1, 'display', 'dist'),
(640, 56, 'Tĩnh Gia', 0, 1446429779, 0, 1, 'display', 'dist'),
(641, 56, 'Triệu Sơn', 0, 1446429779, 0, 1, 'display', 'dist'),
(642, 56, 'Vĩnh Lộc', 0, 1446429779, 0, 1, 'display', 'dist'),
(643, 56, 'Yên Định', 0, 1446429779, 0, 1, 'display', 'dist'),
(644, 57, 'A Lưới', 0, 1446429779, 0, 1, 'display', 'dist'),
(645, 57, 'Hương Thủy', 0, 1446429779, 0, 1, 'display', 'dist'),
(646, 57, 'Phong Điền', 0, 1446429779, 0, 1, 'display', 'dist'),
(647, 57, 'Hương Trà', 0, 1446429779, 0, 1, 'display', 'dist'),
(648, 57, 'Huế', 0, 1446429779, 0, 1, 'display', 'dist'),
(649, 57, 'Nam Đông', 0, 1446429779, 0, 1, 'display', 'dist'),
(650, 57, 'Phú Lộc', 0, 1446429779, 0, 1, 'display', 'dist'),
(651, 57, 'Phú Vang', 0, 1446429779, 0, 1, 'display', 'dist'),
(652, 57, 'Quảng Điền', 0, 1446429779, 0, 1, 'display', 'dist'),
(653, 58, 'Cái Bè', 0, 1446429779, 0, 1, 'display', 'dist'),
(654, 58, 'Gò Công Đông', 0, 1446429779, 0, 1, 'display', 'dist'),
(655, 58, 'Chợ Gạo', 0, 1446429779, 0, 1, 'display', 'dist'),
(656, 58, 'Gò Công', 0, 1446429779, 0, 1, 'display', 'dist'),
(657, 58, 'Châu Thành', 0, 1446429779, 0, 1, 'display', 'dist'),
(658, 58, 'Gò Công Tây', 0, 1446429779, 0, 1, 'display', 'dist'),
(659, 58, 'Huyện Cai Lậy', 0, 1446429779, 0, 1, 'display', 'dist'),
(660, 58, 'Mỹ Tho', 0, 1446429779, 0, 1, 'display', 'dist'),
(661, 58, 'Tân Phú Đông', 0, 1446429779, 0, 1, 'display', 'dist'),
(662, 58, 'Tân Phước', 0, 1446429779, 0, 1, 'display', 'dist'),
(663, 58, 'Thị Xã Cai Lậy', 0, 1446429779, 0, 1, 'display', 'dist'),
(664, 59, 'Càng Long', 0, 1446429779, 0, 1, 'display', 'dist'),
(665, 59, 'Cầu Ngang', 0, 1446429779, 0, 1, 'display', 'dist'),
(666, 59, 'Cầu Kè', 0, 1446429779, 0, 1, 'display', 'dist'),
(667, 59, 'Duyên Hải', 0, 1446429779, 0, 1, 'display', 'dist'),
(668, 59, 'Tiểu Cần', 0, 1446429779, 0, 1, 'display', 'dist'),
(669, 59, 'Châu Thành', 0, 1446429779, 0, 1, 'display', 'dist'),
(670, 59, 'Trà Cú', 0, 1446429779, 0, 1, 'display', 'dist'),
(671, 59, 'Trà Vinh', 0, 1446429779, 0, 1, 'display', 'dist'),
(672, 60, 'Chiêm Hóa', 0, 1446429779, 0, 1, 'display', 'dist'),
(673, 60, 'Sơn Dương', 0, 1446429779, 0, 1, 'display', 'dist'),
(674, 60, 'Na Hang', 0, 1446429779, 0, 1, 'display', 'dist'),
(675, 60, 'Tuyên Quang', 0, 1446429779, 0, 1, 'display', 'dist'),
(676, 60, 'Hàm Yên', 0, 1446429779, 0, 1, 'display', 'dist'),
(677, 60, 'Lâm Bình', 0, 1446429779, 0, 1, 'display', 'dist'),
(678, 60, 'Yên Sơn', 0, 1446429779, 0, 1, 'display', 'dist'),
(679, 61, 'Bình Tân', 0, 1446429779, 0, 1, 'display', 'dist'),
(680, 61, 'Bình Minh', 0, 1446429779, 0, 1, 'display', 'dist'),
(681, 61, 'Long Hồ', 0, 1446429779, 0, 1, 'display', 'dist'),
(682, 61, 'Mang Thít', 0, 1446429779, 0, 1, 'display', 'dist'),
(683, 61, 'Tam Bình', 0, 1446429779, 0, 1, 'display', 'dist'),
(684, 61, 'Trà Ôn', 0, 1446429779, 0, 1, 'display', 'dist'),
(685, 61, 'Vĩnh Long', 0, 1446429779, 0, 1, 'display', 'dist'),
(686, 61, 'Vũng Liêm', 0, 1446429779, 0, 1, 'display', 'dist'),
(687, 62, 'Bình Xuyên', 0, 1446429779, 0, 1, 'display', 'dist'),
(688, 62, 'Lập Thạch', 0, 1446429779, 0, 1, 'display', 'dist'),
(689, 62, 'Phúc Yên', 0, 1446429779, 0, 1, 'display', 'dist'),
(690, 62, 'Sông Lô', 0, 1446429779, 0, 1, 'display', 'dist'),
(691, 62, 'Tam Dương', 0, 1446429779, 0, 1, 'display', 'dist'),
(692, 62, 'Tam Đảo', 0, 1446429779, 0, 1, 'display', 'dist'),
(693, 62, 'Vĩnh Tường', 0, 1446429779, 0, 1, 'display', 'dist'),
(694, 62, 'Vĩnh Yên', 0, 1446429779, 0, 1, 'display', 'dist'),
(695, 62, 'Yên Lạc', 0, 1446429779, 0, 1, 'display', 'dist'),
(696, 63, 'Lục Yên', 0, 1446429779, 0, 1, 'display', 'dist'),
(697, 63, 'Mù Cang Chải', 0, 1446429779, 0, 1, 'display', 'dist'),
(698, 63, 'Văn Chấn', 0, 1446429779, 0, 1, 'display', 'dist'),
(699, 63, 'Nghĩa Lộ', 0, 1446429779, 0, 1, 'display', 'dist'),
(700, 63, 'Trấn Yên', 0, 1446429779, 0, 1, 'display', 'dist'),
(701, 63, 'Trạm Tấu', 0, 1446429779, 0, 1, 'display', 'dist'),
(702, 63, 'Văn Yên', 0, 1446429779, 0, 1, 'display', 'dist'),
(703, 63, 'Yên Bái', 0, 1446429779, 0, 1, 'display', 'dist'),
(704, 63, 'Yên Bình', 0, 1446429779, 0, 1, 'display', 'dist');

-- --------------------------------------------------------

--
-- Table structure for table `table_post`
--

CREATE TABLE `table_post` (
  `id` int(10) UNSIGNED NOT NULL,
  `id_lv1` int(11) DEFAULT '0',
  `id_lv2` int(11) DEFAULT '0',
  `id_lv3` int(11) DEFAULT '0',
  `tags_group` varchar(255) COLLATE utf8_unicode_ci DEFAULT NULL,
  `name` varchar(255) COLLATE utf8_unicode_ci DEFAULT NULL,
  `photo` varchar(225) COLLATE utf8_unicode_ci DEFAULT NULL,
  `tenkhongdau` varchar(255) COLLATE utf8_unicode_ci DEFAULT NULL,
  `status` text COLLATE utf8_unicode_ci,
  `type` varchar(255) COLLATE utf8_unicode_ci DEFAULT NULL,
  `date_created` int(11) DEFAULT '0',
  `date_updated` int(11) DEFAULT '0',
  `file` varchar(100) COLLATE utf8_unicode_ci DEFAULT NULL,
  `number` int(10) UNSIGNED DEFAULT '1',
  `view` int(11) DEFAULT '0',
  `descript` text COLLATE utf8_unicode_ci,
  `content` text COLLATE utf8_unicode_ci
) ENGINE=MyISAM DEFAULT CHARSET=utf8 COLLATE=utf8_unicode_ci;

--
-- Dumping data for table `table_post`
--

INSERT INTO `table_post` (`id`, `id_lv1`, `id_lv2`, `id_lv3`, `tags_group`, `name`, `photo`, `tenkhongdau`, `status`, `type`, `date_created`, `date_updated`, `file`, `number`, `view`, `descript`, `content`) VALUES
(1, 0, 0, 0, '', 'RA MẮT PHINDI HỒNG TRÀ MỚI', 'cupteatabledrinkvapor-7080.jpg', 'ra-mat-phindi-hong-tra-mii', 'display,hot', 'news', 1609902364, 0, NULL, 1, 0, 'Lần đầu tiên Cà Phê Phin và Trà kết hợp trong cùng 1 thức uống. PhinDi Hồng Trà Mới đánh dấu sự kết hợp độc đáo tưởng như không hợp nhưng lại vô cùng hoà quyện. Chất Phin quyện Trà của tân binh PhinDi Hồng Trà Mới hứa hẹn sẽ làm bạn mê mẩn ngay lần thử đầu tiên. Siêu phẩm PhinDi Hồng Trà Mới đã có mặt tại gần 400 quán trên toàn quốc, đến quán gần nhất và thử ngay thôi!', '&lt;p&gt;Lorem ipsum dolor sit amet, consectetur adipisicing elit, sed do eiusmod tempor incididunt ut labore et dolore magna aliqua. Ut enim ad minim veniam, quis nostrud exercitation ullamco laboris nisi ut aliquip ex ea commodo consequat. Duis aute irure dolor in reprehenderit in voluptate velit esse cillum dolore eu fugiat nulla pariatur. Excepteur sint occaecat cupidatat non proident, sunt in culpa qui officia deserunt mollit anim id est laborum.&lt;/p&gt;\r\n'),
(2, 0, 0, 0, '', 'COFFEE PHINDI - CÀ PHÊ PHIN THẾ HỆ MỚI!', 'cupcake-1027.jpg', 'coffee-phindi-ca-phe-phin-the-he-mii', 'display,hot', 'news', 1609902401, 1609902409, NULL, 2, 6, 'Cùng ước muốn mang Cà Phê Phin Việt Nam đến gần hơn với người trẻ. Vẫn mang trong mình tinh tuý chắt lọc từ Cà Phê Phin Việt Nam nhưng êm chất Phin, kết hợp độc đáo cùng những vị ngon từ Kem Sữa - Hạnh Nhân - Choco. PhinDi, Cà Phê Phin Thế Hệ Mới - Chất Phin Êm, Ngon Tròn Vị!PhinDi #Nhẹ_Caffeine là sự hoà quyện sáng tạo của Chất Phin Êm Highlands Coffee có trong bộ 3 Ngon Tròn Vị: PhinDi Kem Sữa, PhinDi Choco và PhinDi Hạnh Nhân.', '&lt;p&gt;Lorem ipsum dolor sit amet, consectetur adipisicing elit, sed do eiusmod tempor incididunt ut labore et dolore magna aliqua. Ut enim ad minim veniam, quis nostrud exercitation ullamco laboris nisi ut aliquip ex ea commodo consequat. Duis aute irure dolor in reprehenderit in voluptate velit esse cillum dolore eu fugiat nulla pariatur. Excepteur sint occaecat cupidatat non proident, sunt in culpa qui officia deserunt mollit anim id est laborum.&lt;/p&gt;\r\n'),
(3, 0, 0, 0, '', 'COMBO ƯU ĐÃI ĐẬM CHUYỆN CÙNG NGƯỜI THƯƠNG', 'mugbooksmood-1854.jpg', 'combo-uu-dai-dam-chuyen-cung-nguoi-thuong', 'display,hot', 'news', 1609902454, 0, NULL, 3, 1, 'Thật là một cái &quot;cớ&quot; tuyệt vời để bạn có dịp kết nối, chia sẻ với những người mình yêu thương và hãy để thật nhiều câu chuyện đậm đà của bạn được lưu lại tại không gian bạn nhé!', '&lt;p&gt;Lorem ipsum dolor sit amet, consectetur adipisicing elit, sed do eiusmod tempor incididunt ut labore et dolore magna aliqua. Ut enim ad minim veniam, quis nostrud exercitation ullamco laboris nisi ut aliquip ex ea commodo consequat. Duis aute irure dolor in reprehenderit in voluptate velit esse cillum dolore eu fugiat nulla pariatur. Excepteur sint occaecat cupidatat non proident, sunt in culpa qui officia deserunt mollit anim id est laborum.&lt;/p&gt;\r\n'),
(4, 0, 0, 0, '', 'TOP 50 THƯƠNG HIỆU NHÀ TUYỂN DỤNG HẤP DẪN NHẤT VỚI SINH VIÊN VIỆT NAM 2020', 'coffee-5745.jpg', 'top-50-thuong-hieu-nha-tuyen-dung-hap-dan-nhat-vii-sinh-vien-viet-nam-2020', 'display,hot', 'news', 1609902483, 0, NULL, 4, 3, 'Qua một chặng đường dài, chúng tôi đã không ngừng mang đến những sản phẩm cà phê và trà thơm ngon, đậm đà trong không gian thoải mái và lịch sự với mức giá hợp lý. Những ly trà và cà phê của chúng tôi không chỉ đơn thuần là thức uống quen thuộc mà còn mang trên mình một sứ mệnh văn hóa phản ánh một phần nếp sống hiện đại của người Việt Nam, trở thành thương hiệu cà phê và trà luôn dẫn đầu tại Việt Nam và không ngừng vươn ra thế giới.', '&lt;p&gt;Lorem ipsum dolor sit amet, consectetur adipisicing elit, sed do eiusmod tempor incididunt ut labore et dolore magna aliqua. Ut enim ad minim veniam, quis nostrud exercitation ullamco laboris nisi ut aliquip ex ea commodo consequat. Duis aute irure dolor in reprehenderit in voluptate velit esse cillum dolore eu fugiat nulla pariatur. Excepteur sint occaecat cupidatat non proident, sunt in culpa qui officia deserunt mollit anim id est laborum.&lt;/p&gt;\r\n'),
(5, 0, 0, 0, '', 'NHẬN THẺ TẬN HƯỞNG CÙNG FREEZE TRÀ XANH!', 'teablackcup-8598.jpg', 'nhan-the-tan-huong-cung-freeze-tra-xanh', 'display,hot', 'news', 1609902550, 0, NULL, 5, 1, 'Hãy đến với chúng tôi và chọn Freeze Trà Xanh! Thưởng thức sự kết hợp hoàn hảo giữa vị Trà Xanh Đậm Đà cùng những miếng Thạch Giòn Khó Cưỡng, chỉ có tại Highlands Coffee! Càng thích mê hơn, các fan còn có cơ hội nhận những ưu đãi hấp dẫn với Thẻ Tận Hưởng như: miễn phí 01 bánh ngọt, 02 lần miễn phí upsize Freeze Trà Xanh và 02 lần miễn phí thêm thạch giòn.', '&lt;p&gt;Lorem ipsum dolor sit amet, consectetur adipisicing elit, sed do eiusmod tempor incididunt ut labore et dolore magna aliqua. Ut enim ad minim veniam, quis nostrud exercitation ullamco laboris nisi ut aliquip ex ea commodo consequat. Duis aute irure dolor in reprehenderit in voluptate velit esse cillum dolore eu fugiat nulla pariatur. Excepteur sint occaecat cupidatat non proident, sunt in culpa qui officia deserunt mollit anim id est laborum.&lt;/p&gt;\r\n'),
(6, 0, 0, 0, '', 'Chính sách hỗ trợ', 'apricotsblueberriesdishesfruit-7673.jpg', 'chinh-sach-ho-tro', 'display', 'policy', 1609982456, 0, NULL, 1, 1, NULL, '&lt;p&gt;Lorem ipsum dolor sit amet, consectetur adipisicing elit, sed do eiusmod tempor incididunt ut labore et dolore magna aliqua. Ut enim ad minim veniam, quis nostrud exercitation ullamco laboris nisi ut aliquip ex ea commodo consequat. Duis aute irure dolor in reprehenderit in voluptate velit esse cillum dolore eu fugiat nulla pariatur. Excepteur sint occaecat cupidatat non proident, sunt in culpa qui officia deserunt mollit anim id est laborum.&lt;/p&gt;\r\n'),
(7, 0, 0, 0, '', 'Chính sách vận chuyển', 'blueberries-3957.jpg', 'chinh-sach-van-chuyen', 'display', 'policy', 1609982482, 0, NULL, 2, 3, NULL, '&lt;p&gt;Lorem ipsum dolor sit amet, consectetur adipisicing elit, sed do eiusmod tempor incididunt ut labore et dolore magna aliqua. Ut enim ad minim veniam, quis nostrud exercitation ullamco laboris nisi ut aliquip ex ea commodo consequat. Duis aute irure dolor in reprehenderit in voluptate velit esse cillum dolore eu fugiat nulla pariatur. Excepteur sint occaecat cupidatat non proident, sunt in culpa qui officia deserunt mollit anim id est laborum.&lt;/p&gt;\r\n'),
(8, 0, 0, 0, '', 'Chính sách bảo hành', 'bowlraspberry-7281.jpg', 'chinh-sach-bao-hanh', 'display', 'policy', 1609982493, 0, NULL, 3, 3, NULL, '&lt;p&gt;Lorem ipsum dolor sit amet, consectetur adipisicing elit, sed do eiusmod tempor incididunt ut labore et dolore magna aliqua. Ut enim ad minim veniam, quis nostrud exercitation ullamco laboris nisi ut aliquip ex ea commodo consequat. Duis aute irure dolor in reprehenderit in voluptate velit esse cillum dolore eu fugiat nulla pariatur. Excepteur sint occaecat cupidatat non proident, sunt in culpa qui officia deserunt mollit anim id est laborum.&lt;/p&gt;\r\n'),
(9, 0, 0, 0, '', 'Hướng dẫn 1', NULL, 'huong-dan-1', 'hot,display', 'support', 1681629907, 0, NULL, 1, 0, NULL, ''),
(10, 0, 0, 0, '', 'Hướng dẫn 2', NULL, 'huong-dan-2', 'hot,display', 'support', 1681629914, 0, NULL, 1, 0, NULL, '');

-- --------------------------------------------------------

--
-- Table structure for table `table_product`
--

CREATE TABLE `table_product` (
  `id` int(10) UNSIGNED NOT NULL,
  `id_lv1` int(11) DEFAULT '0',
  `id_lv2` int(11) DEFAULT '0',
  `id_lv3` int(11) DEFAULT '0',
  `options` text COLLATE utf8_unicode_ci,
  `tags_group` varchar(255) COLLATE utf8_unicode_ci DEFAULT NULL,
  `name` varchar(255) COLLATE utf8_unicode_ci DEFAULT NULL,
  `photo` varchar(225) COLLATE utf8_unicode_ci DEFAULT NULL,
  `tenkhongdau` varchar(255) COLLATE utf8_unicode_ci DEFAULT NULL,
  `price` varchar(100) COLLATE utf8_unicode_ci DEFAULT NULL,
  `old_price` varchar(100) COLLATE utf8_unicode_ci DEFAULT NULL,
  `code` varchar(100) COLLATE utf8_unicode_ci DEFAULT NULL,
  `status` text COLLATE utf8_unicode_ci,
  `type` varchar(255) COLLATE utf8_unicode_ci DEFAULT NULL,
  `date_created` int(11) DEFAULT '0',
  `date_updated` int(11) DEFAULT '0',
  `file` varchar(100) COLLATE utf8_unicode_ci DEFAULT NULL,
  `qty` int(11) DEFAULT '0',
  `number` int(10) UNSIGNED DEFAULT '1',
  `view` int(11) DEFAULT '0',
  `descript` text COLLATE utf8_unicode_ci,
  `content` text COLLATE utf8_unicode_ci,
  `place_from` text COLLATE utf8_unicode_ci,
  `place_to` text COLLATE utf8_unicode_ci,
  `date_tour` text COLLATE utf8_unicode_ci,
  `remain` text COLLATE utf8_unicode_ci,
  `date_from` int(11) NOT NULL DEFAULT '0'
) ENGINE=MyISAM DEFAULT CHARSET=utf8 COLLATE=utf8_unicode_ci;

--
-- Dumping data for table `table_product`
--

INSERT INTO `table_product` (`id`, `id_lv1`, `id_lv2`, `id_lv3`, `options`, `tags_group`, `name`, `photo`, `tenkhongdau`, `price`, `old_price`, `code`, `status`, `type`, `date_created`, `date_updated`, `file`, `qty`, `number`, `view`, `descript`, `content`, `place_from`, `place_to`, `date_tour`, `remain`, `date_from`) VALUES
(1, 1, 4, 0, NULL, '', 'Apricots Blueberries Dishes Fruit', 'apricotsblueberriesdishesfruit-1139.jpg', 'apricots-blueberries-dishes-fruit', '100000', '0', 'SKU-1', 'hot,display', 'product', 1609903165, 1681628765, NULL, 0, 1, 215, 'Lorem ipsum dolor sit amet, consectetur adipisicing elit, sed do eiusmod tempor incididunt ut labore et dolore magna aliqua.\r\nUt enim ad minim veniam, quis nostrud exercitation ullamco laboris nisi ut aliquip ex ea commodo consequat. \r\nDuis aute irure dolor in reprehenderit in voluptate velit esse cillum dolore eu fugiat nulla pariatur.\r\nExcepteur sint occaecat cupidatat non proident, sunt in culpa qui officia deserunt mollit anim id est laborum.', '&lt;p&gt;Lorem ipsum dolor sit amet, consectetur adipisicing elit, sed do eiusmod tempor incididunt ut labore et dolore magna aliqua. Ut enim ad minim veniam, quis nostrud exercitation ullamco laboris nisi ut aliquip ex ea commodo consequat. Duis aute irure dolor in reprehenderit in voluptate velit esse cillum dolore eu fugiat nulla pariatur. Excepteur sint occaecat cupidatat non proident, sunt in culpa qui officia deserunt mollit anim id est laborum.&lt;/p&gt;\r\n', 'Hồ Chí Minh', '', '3 ngày 2 đêm', 'Còn lại 10 chỗ', 1682096400),
(2, 1, 4, 0, NULL, '', 'Blueberries', 'blueberries-1610.jpg', 'blueberries', '100000', '0', 'SKU-2', 'hot,display', 'product', 1609903201, 0, NULL, 0, 2, 31, 'Lorem ipsum dolor sit amet, consectetur adipisicing elit, sed do eiusmod tempor incididunt ut labore et dolore magna aliqua. Ut enim ad minim veniam, quis nostrud exercitation ullamco laboris nisi ut aliquip ex ea commodo consequat. Duis aute irure dolor in reprehenderit in voluptate velit esse cillum dolore eu fugiat nulla pariatur. Excepteur sint occaecat cupidatat non proident, sunt in culpa qui officia deserunt mollit anim id est laborum.', '&lt;p&gt;Lorem ipsum dolor sit amet, consectetur adipisicing elit, sed do eiusmod tempor incididunt ut labore et dolore magna aliqua. Ut enim ad minim veniam, quis nostrud exercitation ullamco laboris nisi ut aliquip ex ea commodo consequat. Duis aute irure dolor in reprehenderit in voluptate velit esse cillum dolore eu fugiat nulla pariatur. Excepteur sint occaecat cupidatat non proident, sunt in culpa qui officia deserunt mollit anim id est laborum.&lt;/p&gt;\r\n', NULL, NULL, NULL, NULL, 0),
(3, 1, 4, 0, NULL, '', 'Bowl Raspberry', 'bowlraspberry-3360.jpg', 'bowl-raspberry', '100000', '0', 'SKU-3', 'hot,display', 'product', 1609903221, 0, NULL, 0, 3, 3, 'Lorem ipsum dolor sit amet, consectetur adipisicing elit, sed do eiusmod tempor incididunt ut labore et dolore magna aliqua. Ut enim ad minim veniam, quis nostrud exercitation ullamco laboris nisi ut aliquip ex ea commodo consequat. Duis aute irure dolor in reprehenderit in voluptate velit esse cillum dolore eu fugiat nulla pariatur. Excepteur sint occaecat cupidatat non proident, sunt in culpa qui officia deserunt mollit anim id est laborum.', '&lt;p&gt;Lorem ipsum dolor sit amet, consectetur adipisicing elit, sed do eiusmod tempor incididunt ut labore et dolore magna aliqua. Ut enim ad minim veniam, quis nostrud exercitation ullamco laboris nisi ut aliquip ex ea commodo consequat. Duis aute irure dolor in reprehenderit in voluptate velit esse cillum dolore eu fugiat nulla pariatur. Excepteur sint occaecat cupidatat non proident, sunt in culpa qui officia deserunt mollit anim id est laborum.&lt;/p&gt;\r\n', NULL, NULL, NULL, NULL, 0),
(4, 1, 4, 0, NULL, '', 'Cake Dessert', 'cakedessert-2260.jpg', 'cake-dessert', '100000', '0', 'SKU-4', 'hot,display', 'product', 1609903237, 0, NULL, 0, 4, 0, 'Lorem ipsum dolor sit amet, consectetur adipisicing elit, sed do eiusmod tempor incididunt ut labore et dolore magna aliqua. Ut enim ad minim veniam, quis nostrud exercitation ullamco laboris nisi ut aliquip ex ea commodo consequat. Duis aute irure dolor in reprehenderit in voluptate velit esse cillum dolore eu fugiat nulla pariatur. Excepteur sint occaecat cupidatat non proident, sunt in culpa qui officia deserunt mollit anim id est laborum.', '&lt;p&gt;Lorem ipsum dolor sit amet, consectetur adipisicing elit, sed do eiusmod tempor incididunt ut labore et dolore magna aliqua. Ut enim ad minim veniam, quis nostrud exercitation ullamco laboris nisi ut aliquip ex ea commodo consequat. Duis aute irure dolor in reprehenderit in voluptate velit esse cillum dolore eu fugiat nulla pariatur. Excepteur sint occaecat cupidatat non proident, sunt in culpa qui officia deserunt mollit anim id est laborum.&lt;/p&gt;\r\n', NULL, NULL, NULL, NULL, 0),
(5, 1, 4, 0, NULL, '', 'Cocoa Marshmallow', 'cocoamarshmallow-6279.jpg', 'cocoa-marshmallow', '100000', '0', 'SKU-5', 'hot,display', 'product', 1609903259, 0, NULL, 0, 5, 1, 'Lorem ipsum dolor sit amet, consectetur adipisicing elit, sed do eiusmod tempor incididunt ut labore et dolore magna aliqua. Ut enim ad minim veniam, quis nostrud exercitation ullamco laboris nisi ut aliquip ex ea commodo consequat. Duis aute irure dolor in reprehenderit in voluptate velit esse cillum dolore eu fugiat nulla pariatur. Excepteur sint occaecat cupidatat non proident, sunt in culpa qui officia deserunt mollit anim id est laborum.', '&lt;p&gt;Lorem ipsum dolor sit amet, consectetur adipisicing elit, sed do eiusmod tempor incididunt ut labore et dolore magna aliqua. Ut enim ad minim veniam, quis nostrud exercitation ullamco laboris nisi ut aliquip ex ea commodo consequat. Duis aute irure dolor in reprehenderit in voluptate velit esse cillum dolore eu fugiat nulla pariatur. Excepteur sint occaecat cupidatat non proident, sunt in culpa qui officia deserunt mollit anim id est laborum.&lt;/p&gt;\r\n', NULL, NULL, NULL, NULL, 0),
(6, 1, 4, 0, NULL, '', 'Fruit Juices', 'fruitjuice-5011.jpg', 'fruit-juices', '100000', '0', 'SKU-6', 'hot,display', 'product', 1609903342, 0, NULL, 0, 6, 3, 'Lorem ipsum dolor sit amet, consectetur adipisicing elit, sed do eiusmod tempor incididunt ut labore et dolore magna aliqua. Ut enim ad minim veniam, quis nostrud exercitation ullamco laboris nisi ut aliquip ex ea commodo consequat. Duis aute irure dolor in reprehenderit in voluptate velit esse cillum dolore eu fugiat nulla pariatur. Excepteur sint occaecat cupidatat non proident, sunt in culpa qui officia deserunt mollit anim id est laborum.', '&lt;p&gt;Lorem ipsum dolor sit amet, consectetur adipisicing elit, sed do eiusmod tempor incididunt ut labore et dolore magna aliqua. Ut enim ad minim veniam, quis nostrud exercitation ullamco laboris nisi ut aliquip ex ea commodo consequat. Duis aute irure dolor in reprehenderit in voluptate velit esse cillum dolore eu fugiat nulla pariatur. Excepteur sint occaecat cupidatat non proident, sunt in culpa qui officia deserunt mollit anim id est laborum.&lt;/p&gt;\r\n', NULL, NULL, NULL, NULL, 0),
(7, 1, 4, 0, NULL, '', 'Ice Cream', 'icecream-9205.jpg', 'ice-cream', '100000', '0', 'SKU-7', 'hot,display', 'product', 1609903367, 0, NULL, 0, 7, 3, 'Lorem ipsum dolor sit amet, consectetur adipisicing elit, sed do eiusmod tempor incididunt ut labore et dolore magna aliqua. Ut enim ad minim veniam, quis nostrud exercitation ullamco laboris nisi ut aliquip ex ea commodo consequat. Duis aute irure dolor in reprehenderit in voluptate velit esse cillum dolore eu fugiat nulla pariatur. Excepteur sint occaecat cupidatat non proident, sunt in culpa qui officia deserunt mollit anim id est laborum.', '&lt;p&gt;Lorem ipsum dolor sit amet, consectetur adipisicing elit, sed do eiusmod tempor incididunt ut labore et dolore magna aliqua. Ut enim ad minim veniam, quis nostrud exercitation ullamco laboris nisi ut aliquip ex ea commodo consequat. Duis aute irure dolor in reprehenderit in voluptate velit esse cillum dolore eu fugiat nulla pariatur. Excepteur sint occaecat cupidatat non proident, sunt in culpa qui officia deserunt mollit anim id est laborum.&lt;/p&gt;\r\n', NULL, NULL, NULL, NULL, 0),
(8, 1, 4, 0, NULL, '', 'Pepper', 'pepper-1856.jpg', 'pepper', '100000', '0', 'SKU-8', 'hot,display', 'product', 1609903382, 0, NULL, 0, 8, 6, 'Lorem ipsum dolor sit amet, consectetur adipisicing elit, sed do eiusmod tempor incididunt ut labore et dolore magna aliqua. Ut enim ad minim veniam, quis nostrud exercitation ullamco laboris nisi ut aliquip ex ea commodo consequat. Duis aute irure dolor in reprehenderit in voluptate velit esse cillum dolore eu fugiat nulla pariatur. Excepteur sint occaecat cupidatat non proident, sunt in culpa qui officia deserunt mollit anim id est laborum.', '&lt;p&gt;Lorem ipsum dolor sit amet, consectetur adipisicing elit, sed do eiusmod tempor incididunt ut labore et dolore magna aliqua. Ut enim ad minim veniam, quis nostrud exercitation ullamco laboris nisi ut aliquip ex ea commodo consequat. Duis aute irure dolor in reprehenderit in voluptate velit esse cillum dolore eu fugiat nulla pariatur. Excepteur sint occaecat cupidatat non proident, sunt in culpa qui officia deserunt mollit anim id est laborum.&lt;/p&gt;\r\n', NULL, NULL, NULL, NULL, 0),
(9, 1, 4, 0, NULL, '', 'Raspberry', 'raspberries-8123.jpg', 'raspberry', '100000', '0', 'SKU-9', 'hot,display', 'product', 1609903400, 0, NULL, 0, 9, 0, 'Lorem ipsum dolor sit amet, consectetur adipisicing elit, sed do eiusmod tempor incididunt ut labore et dolore magna aliqua. Ut enim ad minim veniam, quis nostrud exercitation ullamco laboris nisi ut aliquip ex ea commodo consequat. Duis aute irure dolor in reprehenderit in voluptate velit esse cillum dolore eu fugiat nulla pariatur. Excepteur sint occaecat cupidatat non proident, sunt in culpa qui officia deserunt mollit anim id est laborum.', '&lt;p&gt;Lorem ipsum dolor sit amet, consectetur adipisicing elit, sed do eiusmod tempor incididunt ut labore et dolore magna aliqua. Ut enim ad minim veniam, quis nostrud exercitation ullamco laboris nisi ut aliquip ex ea commodo consequat. Duis aute irure dolor in reprehenderit in voluptate velit esse cillum dolore eu fugiat nulla pariatur. Excepteur sint occaecat cupidatat non proident, sunt in culpa qui officia deserunt mollit anim id est laborum.&lt;/p&gt;\r\n', NULL, NULL, NULL, NULL, 0),
(10, 1, 5, 0, NULL, '', 'Suzdal Vladimir Region', 'suzdalvladimirregion-8425.jpg', 'suzdal-vladimir-region', '100000', '0', 'SKU-10', 'hot,display', 'product', 1609903429, 0, NULL, 0, 10, 0, 'Lorem ipsum dolor sit amet, consectetur adipisicing elit, sed do eiusmod tempor incididunt ut labore et dolore magna aliqua. Ut enim ad minim veniam, quis nostrud exercitation ullamco laboris nisi ut aliquip ex ea commodo consequat. Duis aute irure dolor in reprehenderit in voluptate velit esse cillum dolore eu fugiat nulla pariatur. Excepteur sint occaecat cupidatat non proident, sunt in culpa qui officia deserunt mollit anim id est laborum.', '&lt;p&gt;Lorem ipsum dolor sit amet, consectetur adipisicing elit, sed do eiusmod tempor incididunt ut labore et dolore magna aliqua. Ut enim ad minim veniam, quis nostrud exercitation ullamco laboris nisi ut aliquip ex ea commodo consequat. Duis aute irure dolor in reprehenderit in voluptate velit esse cillum dolore eu fugiat nulla pariatur. Excepteur sint occaecat cupidatat non proident, sunt in culpa qui officia deserunt mollit anim id est laborum.&lt;/p&gt;\r\n', NULL, NULL, NULL, NULL, 0),
(11, 1, 5, 0, NULL, '', 'Tomatoes Juice', 'tomatoesjuice-2552.jpg', 'tomatoes-juice', '100000', '0', 'SKU-11', 'hot,display', 'product', 1609903449, 0, NULL, 0, 11, 0, 'Lorem ipsum dolor sit amet, consectetur adipisicing elit, sed do eiusmod tempor incididunt ut labore et dolore magna aliqua. Ut enim ad minim veniam, quis nostrud exercitation ullamco laboris nisi ut aliquip ex ea commodo consequat. Duis aute irure dolor in reprehenderit in voluptate velit esse cillum dolore eu fugiat nulla pariatur. Excepteur sint occaecat cupidatat non proident, sunt in culpa qui officia deserunt mollit anim id est laborum.', '&lt;p&gt;Lorem ipsum dolor sit amet, consectetur adipisicing elit, sed do eiusmod tempor incididunt ut labore et dolore magna aliqua. Ut enim ad minim veniam, quis nostrud exercitation ullamco laboris nisi ut aliquip ex ea commodo consequat. Duis aute irure dolor in reprehenderit in voluptate velit esse cillum dolore eu fugiat nulla pariatur. Excepteur sint occaecat cupidatat non proident, sunt in culpa qui officia deserunt mollit anim id est laborum.&lt;/p&gt;\r\n', NULL, NULL, NULL, NULL, 0),
(12, 1, 5, 0, NULL, '', 'Torzhok', 'torzhok-8942.jpg', 'torzhok', '100000', '0', 'SKU-12', 'hot,display', 'product', 1609903463, 0, NULL, 0, 12, 2, 'Lorem ipsum dolor sit amet, consectetur adipisicing elit, sed do eiusmod tempor incididunt ut labore et dolore magna aliqua. Ut enim ad minim veniam, quis nostrud exercitation ullamco laboris nisi ut aliquip ex ea commodo consequat. Duis aute irure dolor in reprehenderit in voluptate velit esse cillum dolore eu fugiat nulla pariatur. Excepteur sint occaecat cupidatat non proident, sunt in culpa qui officia deserunt mollit anim id est laborum.', '&lt;p&gt;Lorem ipsum dolor sit amet, consectetur adipisicing elit, sed do eiusmod tempor incididunt ut labore et dolore magna aliqua. Ut enim ad minim veniam, quis nostrud exercitation ullamco laboris nisi ut aliquip ex ea commodo consequat. Duis aute irure dolor in reprehenderit in voluptate velit esse cillum dolore eu fugiat nulla pariatur. Excepteur sint occaecat cupidatat non proident, sunt in culpa qui officia deserunt mollit anim id est laborum.&lt;/p&gt;\r\n', NULL, NULL, NULL, NULL, 0),
(13, 1, 5, 0, NULL, '', 'Ukraine Lviv', 'ukrainelviv-4838.jpg', 'ukraine-lviv', '100000', '0', 'SKU-13', 'hot,display', 'product', 1609903480, 0, NULL, 0, 13, 4, 'Lorem ipsum dolor sit amet, consectetur adipisicing elit, sed do eiusmod tempor incididunt ut labore et dolore magna aliqua. Ut enim ad minim veniam, quis nostrud exercitation ullamco laboris nisi ut aliquip ex ea commodo consequat. Duis aute irure dolor in reprehenderit in voluptate velit esse cillum dolore eu fugiat nulla pariatur. Excepteur sint occaecat cupidatat non proident, sunt in culpa qui officia deserunt mollit anim id est laborum.', '&lt;p&gt;Lorem ipsum dolor sit amet, consectetur adipisicing elit, sed do eiusmod tempor incididunt ut labore et dolore magna aliqua. Ut enim ad minim veniam, quis nostrud exercitation ullamco laboris nisi ut aliquip ex ea commodo consequat. Duis aute irure dolor in reprehenderit in voluptate velit esse cillum dolore eu fugiat nulla pariatur. Excepteur sint occaecat cupidatat non proident, sunt in culpa qui officia deserunt mollit anim id est laborum.&lt;/p&gt;\r\n', NULL, NULL, NULL, NULL, 0),
(14, 1, 5, 0, NULL, '', 'Alljuice', 'alljuice-6878.jpg', 'alljuice', '100000', '0', 'SKU-14', 'hot,display', 'product', 1609903538, 0, NULL, 0, 14, 0, 'Lorem ipsum dolor sit amet, consectetur adipisicing elit, sed do eiusmod tempor incididunt ut labore et dolore magna aliqua. Ut enim ad minim veniam, quis nostrud exercitation ullamco laboris nisi ut aliquip ex ea commodo consequat. Duis aute irure dolor in reprehenderit in voluptate velit esse cillum dolore eu fugiat nulla pariatur. Excepteur sint occaecat cupidatat non proident, sunt in culpa qui officia deserunt mollit anim id est laborum.', '&lt;p&gt;Lorem ipsum dolor sit amet, consectetur adipisicing elit, sed do eiusmod tempor incididunt ut labore et dolore magna aliqua. Ut enim ad minim veniam, quis nostrud exercitation ullamco laboris nisi ut aliquip ex ea commodo consequat. Duis aute irure dolor in reprehenderit in voluptate velit esse cillum dolore eu fugiat nulla pariatur. Excepteur sint occaecat cupidatat non proident, sunt in culpa qui officia deserunt mollit anim id est laborum.&lt;/p&gt;\r\n', NULL, NULL, NULL, NULL, 0),
(15, 2, 7, 0, NULL, '', 'Coffee Phin', 'coffee-3567.jpg', 'coffee-phin', '100000', '0', 'SKU-15', 'hot,display', 'product', 1609903575, 0, NULL, 0, 15, 1, 'Lorem ipsum dolor sit amet, consectetur adipisicing elit, sed do eiusmod tempor incididunt ut labore et dolore magna aliqua. Ut enim ad minim veniam, quis nostrud exercitation ullamco laboris nisi ut aliquip ex ea commodo consequat. Duis aute irure dolor in reprehenderit in voluptate velit esse cillum dolore eu fugiat nulla pariatur. Excepteur sint occaecat cupidatat non proident, sunt in culpa qui officia deserunt mollit anim id est laborum.', '&lt;p&gt;Lorem ipsum dolor sit amet, consectetur adipisicing elit, sed do eiusmod tempor incididunt ut labore et dolore magna aliqua. Ut enim ad minim veniam, quis nostrud exercitation ullamco laboris nisi ut aliquip ex ea commodo consequat. Duis aute irure dolor in reprehenderit in voluptate velit esse cillum dolore eu fugiat nulla pariatur. Excepteur sint occaecat cupidatat non proident, sunt in culpa qui officia deserunt mollit anim id est laborum.&lt;/p&gt;\r\n', NULL, NULL, NULL, NULL, 0),
(16, 2, 7, 0, NULL, '', 'Coffee Grill Cup', 'coffeegrillcup-2423.jpg', 'coffee-grill-cup', '100000', '0', 'SKU-16', 'hot,display', 'product', 1609903601, 0, NULL, 0, 16, 0, 'Lorem ipsum dolor sit amet, consectetur adipisicing elit, sed do eiusmod tempor incididunt ut labore et dolore magna aliqua. Ut enim ad minim veniam, quis nostrud exercitation ullamco laboris nisi ut aliquip ex ea commodo consequat. Duis aute irure dolor in reprehenderit in voluptate velit esse cillum dolore eu fugiat nulla pariatur. Excepteur sint occaecat cupidatat non proident, sunt in culpa qui officia deserunt mollit anim id est laborum.', '&lt;p&gt;Lorem ipsum dolor sit amet, consectetur adipisicing elit, sed do eiusmod tempor incididunt ut labore et dolore magna aliqua. Ut enim ad minim veniam, quis nostrud exercitation ullamco laboris nisi ut aliquip ex ea commodo consequat. Duis aute irure dolor in reprehenderit in voluptate velit esse cillum dolore eu fugiat nulla pariatur. Excepteur sint occaecat cupidatat non proident, sunt in culpa qui officia deserunt mollit anim id est laborum.&lt;/p&gt;\r\n', NULL, NULL, NULL, NULL, 0),
(17, 2, 7, 0, NULL, '', 'Cupcake Coffee', 'cupcake-3332.jpg', 'cupcake-coffee', '100000', '0', 'SKU-17', 'hot,display', 'product', 1609903628, 0, NULL, 0, 17, 0, 'Lorem ipsum dolor sit amet, consectetur adipisicing elit, sed do eiusmod tempor incididunt ut labore et dolore magna aliqua. Ut enim ad minim veniam, quis nostrud exercitation ullamco laboris nisi ut aliquip ex ea commodo consequat. Duis aute irure dolor in reprehenderit in voluptate velit esse cillum dolore eu fugiat nulla pariatur. Excepteur sint occaecat cupidatat non proident, sunt in culpa qui officia deserunt mollit anim id est laborum.', '&lt;p&gt;Lorem ipsum dolor sit amet, consectetur adipisicing elit, sed do eiusmod tempor incididunt ut labore et dolore magna aliqua. Ut enim ad minim veniam, quis nostrud exercitation ullamco laboris nisi ut aliquip ex ea commodo consequat. Duis aute irure dolor in reprehenderit in voluptate velit esse cillum dolore eu fugiat nulla pariatur. Excepteur sint occaecat cupidatat non proident, sunt in culpa qui officia deserunt mollit anim id est laborum.&lt;/p&gt;\r\n', NULL, NULL, NULL, NULL, 0),
(18, 2, 7, 0, NULL, '', 'Mug Books Mood', 'mugbooksmood-4960.jpg', 'mug-books-mood', '100000', '0', 'SKU-18', 'hot,display', 'product', 1609903653, 0, NULL, 0, 18, 0, 'Lorem ipsum dolor sit amet, consectetur adipisicing elit, sed do eiusmod tempor incididunt ut labore et dolore magna aliqua. Ut enim ad minim veniam, quis nostrud exercitation ullamco laboris nisi ut aliquip ex ea commodo consequat. Duis aute irure dolor in reprehenderit in voluptate velit esse cillum dolore eu fugiat nulla pariatur. Excepteur sint occaecat cupidatat non proident, sunt in culpa qui officia deserunt mollit anim id est laborum.', '&lt;p&gt;Lorem ipsum dolor sit amet, consectetur adipisicing elit, sed do eiusmod tempor incididunt ut labore et dolore magna aliqua. Ut enim ad minim veniam, quis nostrud exercitation ullamco laboris nisi ut aliquip ex ea commodo consequat. Duis aute irure dolor in reprehenderit in voluptate velit esse cillum dolore eu fugiat nulla pariatur. Excepteur sint occaecat cupidatat non proident, sunt in culpa qui officia deserunt mollit anim id est laborum.&lt;/p&gt;\r\n', NULL, NULL, NULL, NULL, 0),
(19, 3, 10, 0, NULL, '', 'Cup Tea Party', 'cupteaparty-6437.jpg', 'cup-tea-party', '100000', '0', 'SKU-19', 'hot,display', 'product', 1609903713, 0, NULL, 0, 19, 0, 'Lorem ipsum dolor sit amet, consectetur adipisicing elit, sed do eiusmod tempor incididunt ut labore et dolore magna aliqua. Ut enim ad minim veniam, quis nostrud exercitation ullamco laboris nisi ut aliquip ex ea commodo consequat. Duis aute irure dolor in reprehenderit in voluptate velit esse cillum dolore eu fugiat nulla pariatur. Excepteur sint occaecat cupidatat non proident, sunt in culpa qui officia deserunt mollit anim id est laborum.', '&lt;p&gt;Lorem ipsum dolor sit amet, consectetur adipisicing elit, sed do eiusmod tempor incididunt ut labore et dolore magna aliqua. Ut enim ad minim veniam, quis nostrud exercitation ullamco laboris nisi ut aliquip ex ea commodo consequat. Duis aute irure dolor in reprehenderit in voluptate velit esse cillum dolore eu fugiat nulla pariatur. Excepteur sint occaecat cupidatat non proident, sunt in culpa qui officia deserunt mollit anim id est laborum.&lt;/p&gt;\r\n', NULL, NULL, NULL, NULL, 0),
(20, 3, 10, 0, NULL, '', 'Cup Tea Table Drink Vapor', 'cupteatabledrinkvapor-1302.jpg', 'cup-tea-table-drink-vapor', '100000', '0', 'SKU-20', 'hot,display', 'product', 1609903740, 0, NULL, 0, 20, 0, 'Lorem ipsum dolor sit amet, consectetur adipisicing elit, sed do eiusmod tempor incididunt ut labore et dolore magna aliqua. Ut enim ad minim veniam, quis nostrud exercitation ullamco laboris nisi ut aliquip ex ea commodo consequat. Duis aute irure dolor in reprehenderit in voluptate velit esse cillum dolore eu fugiat nulla pariatur. Excepteur sint occaecat cupidatat non proident, sunt in culpa qui officia deserunt mollit anim id est laborum.', '&lt;p&gt;Lorem ipsum dolor sit amet, consectetur adipisicing elit, sed do eiusmod tempor incididunt ut labore et dolore magna aliqua. Ut enim ad minim veniam, quis nostrud exercitation ullamco laboris nisi ut aliquip ex ea commodo consequat. Duis aute irure dolor in reprehenderit in voluptate velit esse cillum dolore eu fugiat nulla pariatur. Excepteur sint occaecat cupidatat non proident, sunt in culpa qui officia deserunt mollit anim id est laborum.&lt;/p&gt;\r\n', NULL, NULL, NULL, NULL, 0),
(21, 3, 10, 0, NULL, '', 'Tea Black Cup', 'teablackcup-5426.jpg', 'tea-black-cup', '100000', '0', 'SKU-21', 'hot,display', 'product', 1609903761, 0, NULL, 0, 21, 0, 'Lorem ipsum dolor sit amet, consectetur adipisicing elit, sed do eiusmod tempor incididunt ut labore et dolore magna aliqua. Ut enim ad minim veniam, quis nostrud exercitation ullamco laboris nisi ut aliquip ex ea commodo consequat. Duis aute irure dolor in reprehenderit in voluptate velit esse cillum dolore eu fugiat nulla pariatur. Excepteur sint occaecat cupidatat non proident, sunt in culpa qui officia deserunt mollit anim id est laborum.', '&lt;p&gt;Lorem ipsum dolor sit amet, consectetur adipisicing elit, sed do eiusmod tempor incididunt ut labore et dolore magna aliqua. Ut enim ad minim veniam, quis nostrud exercitation ullamco laboris nisi ut aliquip ex ea commodo consequat. Duis aute irure dolor in reprehenderit in voluptate velit esse cillum dolore eu fugiat nulla pariatur. Excepteur sint occaecat cupidatat non proident, sunt in culpa qui officia deserunt mollit anim id est laborum.&lt;/p&gt;\r\n', NULL, NULL, NULL, NULL, 0),
(22, 3, 10, 0, NULL, '', 'Tea Cinnamon', 'teacinnamon-7396.jpg', 'tea-cinnamon', '100000', '0', 'SKU-22', 'hot,display', 'product', 1609903776, 0, NULL, 0, 22, 0, 'Lorem ipsum dolor sit amet, consectetur adipisicing elit, sed do eiusmod tempor incididunt ut labore et dolore magna aliqua. Ut enim ad minim veniam, quis nostrud exercitation ullamco laboris nisi ut aliquip ex ea commodo consequat. Duis aute irure dolor in reprehenderit in voluptate velit esse cillum dolore eu fugiat nulla pariatur. Excepteur sint occaecat cupidatat non proident, sunt in culpa qui officia deserunt mollit anim id est laborum.', '&lt;p&gt;Lorem ipsum dolor sit amet, consectetur adipisicing elit, sed do eiusmod tempor incididunt ut labore et dolore magna aliqua. Ut enim ad minim veniam, quis nostrud exercitation ullamco laboris nisi ut aliquip ex ea commodo consequat. Duis aute irure dolor in reprehenderit in voluptate velit esse cillum dolore eu fugiat nulla pariatur. Excepteur sint occaecat cupidatat non proident, sunt in culpa qui officia deserunt mollit anim id est laborum.&lt;/p&gt;\r\n', NULL, NULL, NULL, NULL, 0),
(23, 3, 10, 0, NULL, '', 'Tea Tray Steam', 'teatraysteam-3712.jpg', 'tea-tray-steam', '100000', '0', 'SKU-23', 'hot,display', 'product', 1609903831, 0, NULL, 0, 23, 1, 'Lorem ipsum dolor sit amet, consectetur adipisicing elit, sed do eiusmod tempor incididunt ut labore et dolore magna aliqua. Ut enim ad minim veniam, quis nostrud exercitation ullamco laboris nisi ut aliquip ex ea commodo consequat. Duis aute irure dolor in reprehenderit in voluptate velit esse cillum dolore eu fugiat nulla pariatur. Excepteur sint occaecat cupidatat non proident, sunt in culpa qui officia deserunt mollit anim id est laborum.', '&lt;p&gt;Lorem ipsum dolor sit amet, consectetur adipisicing elit, sed do eiusmod tempor incididunt ut labore et dolore magna aliqua. Ut enim ad minim veniam, quis nostrud exercitation ullamco laboris nisi ut aliquip ex ea commodo consequat. Duis aute irure dolor in reprehenderit in voluptate velit esse cillum dolore eu fugiat nulla pariatur. Excepteur sint occaecat cupidatat non proident, sunt in culpa qui officia deserunt mollit anim id est laborum.&lt;/p&gt;\r\n', NULL, NULL, NULL, NULL, 0);

-- --------------------------------------------------------

--
-- Table structure for table `table_seo`
--

CREATE TABLE `table_seo` (
  `id` int(10) UNSIGNED NOT NULL,
  `id_parent` int(11) DEFAULT '0',
  `options` varchar(100) COLLATE utf8_unicode_ci DEFAULT NULL,
  `photo` varchar(255) COLLATE utf8_unicode_ci DEFAULT NULL,
  `title` varchar(1024) COLLATE utf8_unicode_ci DEFAULT NULL,
  `keywords` varchar(1024) COLLATE utf8_unicode_ci DEFAULT NULL,
  `description` varchar(1024) COLLATE utf8_unicode_ci DEFAULT NULL,
  `type` varchar(30) COLLATE utf8_unicode_ci DEFAULT NULL,
  `level` int(2) DEFAULT '0',
  `titleen` varchar(1024) COLLATE utf8_unicode_ci DEFAULT NULL,
  `keywordsen` varchar(1024) COLLATE utf8_unicode_ci DEFAULT NULL,
  `descriptionen` varchar(1024) COLLATE utf8_unicode_ci DEFAULT NULL
) ENGINE=MyISAM DEFAULT CHARSET=utf8 COLLATE=utf8_unicode_ci ROW_FORMAT=DYNAMIC;

--
-- Dumping data for table `table_seo`
--

INSERT INTO `table_seo` (`id`, `id_parent`, `options`, `photo`, `title`, `keywords`, `description`, `type`, `level`, `titleen`, `keywordsen`, `descriptionen`) VALUES
(1, 0, NULL, NULL, 'Product Title', 'Product Keywords', 'Product description', 'page_product', 0, NULL, NULL, NULL),
(2, 0, NULL, NULL, NULL, NULL, NULL, 'page_service', 0, NULL, NULL, NULL),
(3, 0, NULL, NULL, NULL, NULL, NULL, 'page_news', 0, NULL, NULL, NULL),
(4, 1, NULL, NULL, '', '', '', 'about', 0, NULL, NULL, NULL),
(5, 6, NULL, NULL, '', '', '', 'policy', 0, NULL, NULL, NULL),
(6, 7, NULL, NULL, '', '', '', 'policy', 0, NULL, NULL, NULL),
(7, 8, NULL, NULL, '', '', '', 'policy', 0, NULL, NULL, NULL),
(9, 1, NULL, NULL, '', '', '', 'setting', 0, NULL, NULL, NULL),
(10, 1, NULL, NULL, '', '', '', 'product', 1, NULL, NULL, NULL),
(11, 2, NULL, NULL, '', '', '', 'product', 1, NULL, NULL, NULL),
(12, 3, NULL, NULL, '', '', '', 'product', 1, NULL, NULL, NULL),
(19, 1, NULL, NULL, '', '', '', 'product', 0, NULL, NULL, NULL),
(20, 9, NULL, NULL, '', '', '', 'support', 0, NULL, NULL, NULL),
(21, 10, NULL, NULL, '', '', '', 'support', 0, NULL, NULL, NULL);

-- --------------------------------------------------------

--
-- Table structure for table `table_setting`
--

CREATE TABLE `table_setting` (
  `id` int(11) NOT NULL,
  `options` text COLLATE utf8_unicode_ci,
  `photo` varchar(255) COLLATE utf8_unicode_ci DEFAULT NULL,
  `favicon` varchar(255) COLLATE utf8_unicode_ci DEFAULT NULL
) ENGINE=MyISAM DEFAULT CHARSET=utf8 COLLATE=utf8_unicode_ci;

--
-- Dumping data for table `table_setting`
--

INSERT INTO `table_setting` (`id`, `options`, `photo`, `favicon`) VALUES
(1, '{\"name\":\"Qini\",\"address\":\"583 L\\u00ea Quang \\u0110\\u1ecbnh Ph\\u01b0\\u1eddng 1 Qu\\u1eadn G\\u00f2 V\\u1ea5p\",\"ip_host\":\"\",\"email_host\":\"\",\"pass_host\":\"\",\"site_key\":\"\",\"secret_key\":\"\",\"website\":\"qini.vn\",\"email\":\"nhtuan.nina@gmail.com\",\"phone\":\"0939394122\",\"fanpage\":\"https:\\/\\/www.facebook.com\\/Qini.vn\\/\",\"qpro\":\"\",\"qpro_ins\":\"8\",\"qpost\":\"\",\"qpost_ins\":\"8\",\"iframe\":\"<iframe src=\\\"https:\\/\\/www.google.com\\/maps\\/embed?pb=!1m18!1m12!1m3!1d244.93027015450667!2d106.6895648644996!3d10.820163693313692!2m3!1f0!2f0!3f0!3m2!1i1024!2i768!4f13.1!3m3!1m2!1s0x317529705407d127%3A0x38df9f58ee1dd3e4!2sQiNi!5e0!3m2!1svi!2s!4v1580702625961!5m2!1svi!2s\\\" width=\\\"600\\\" height=\\\"450\\\" frameborder=\\\"0\\\" style=\\\"border:0;\\\" allowfullscreen=\\\"\\\"><\\/iframe>\",\"headjs\":\"\",\"bodyjs\":\"\"}', 'torzhok-5268.jpg', 'favicon-7810.png');

-- --------------------------------------------------------

--
-- Table structure for table `table_static`
--

CREATE TABLE `table_static` (
  `id` int(11) UNSIGNED NOT NULL,
  `name` varchar(255) COLLATE utf8_unicode_ci DEFAULT NULL,
  `tenkhongdau` varchar(255) COLLATE utf8_unicode_ci DEFAULT NULL,
  `photo` varchar(255) COLLATE utf8_unicode_ci DEFAULT NULL,
  `options` text COLLATE utf8_unicode_ci,
  `type` varchar(30) COLLATE utf8_unicode_ci DEFAULT NULL,
  `status` varchar(100) COLLATE utf8_unicode_ci DEFAULT NULL,
  `date_created` int(11) DEFAULT '0',
  `date_updated` int(11) DEFAULT '0',
  `descript` text COLLATE utf8_unicode_ci,
  `content` text COLLATE utf8_unicode_ci
) ENGINE=MyISAM DEFAULT CHARSET=utf8 COLLATE=utf8_unicode_ci;

--
-- Dumping data for table `table_static`
--

INSERT INTO `table_static` (`id`, `name`, `tenkhongdau`, `photo`, `options`, `type`, `status`, `date_created`, `date_updated`, `descript`, `content`) VALUES
(1, 'Qini', NULL, 'ukrainelviv-4894.jpg', NULL, 'about', 'display', 1609900245, 1609982421, '<p>Hiện nay Qini đ&atilde; c&oacute; 2 chi nh&aacute;nh hoạt động.</p>\r\n\r\n<p>Chi nh&aacute;nh 1: 583 L&ecirc; Quang Định Phường 1 Quận G&ograve; Vấp</p>\r\n\r\n<p>Chi nh&aacute;nh 2: 51 Ho&agrave;ng Diệu 2 Phường Linh Trung&nbsp;Quận Thủ Đức</p>\r\n\r\n<p>Số điện thoại: 0938 04 00 98</p>\r\n\r\n<p>H&atilde;y đến shop ngay để sắm những mẫu thật xinh, thật hot cho m&igrave;nh nh&eacute;.</p>\r\n', '<p>Lorem ipsum dolor sit amet, consectetur adipisicing elit, sed do eiusmod tempor incididunt ut labore et dolore magna aliqua. Ut enim ad minim veniam, quis nostrud exercitation ullamco laboris nisi ut aliquip ex ea commodo consequat. Duis aute irure dolor in reprehenderit in voluptate velit esse cillum dolore eu fugiat nulla pariatur. Excepteur sint occaecat cupidatat non proident, sunt in culpa qui officia deserunt mollit anim id est laborum.</p>\r\n'),
(2, NULL, NULL, NULL, NULL, 'contact', 'display', 1609900247, 1609901555, NULL, '<p><span style=\"color:#495057\"><span style=\"font-size:26px\">Contact us</span></span></p>\r\n\r\n<p><span style=\"color:#495057\">Lorem ipsum dolor sit amet, consectetur adipisicing elit, sed do eiusmod tempor incididunt ut labore et dolore magna aliqua. Ut enim ad minim veniam, quis nostrud exercitation ullamco laboris nisi ut aliquip ex ea commodo consequat. Duis aute irure dolor in reprehenderit in voluptate velit esse cillum dolore eu fugiat nulla pariatur. Excepteur sint occaecat cupidatat non proident, sunt in culpa qui officia deserunt mollit anim id est laborum.</span></p>\r\n\r\n<p>&nbsp;</p>\r\n\r\n<p><span style=\"color:#495057\"><span style=\"font-size:18px\"><strong>Website&nbsp;Developer</strong></span></span></p>\r\n\r\n<p><span style=\"color:#495057\">Phone:<span style=\"font-size:16px\"> <a href=\"https://zalo.me/0939394122\">09 3939 4122</a></span></span></p>\r\n\r\n<p><span style=\"color:#495057\">Email: <strong><span style=\"font-size:14px\">nhtuan.nina@gmail.com</span></strong></span></p>\r\n\r\n<p>&nbsp;</p>\r\n'),
(3, NULL, NULL, NULL, NULL, 'footer', 'display', 1609900247, 1609901680, NULL, '<p><span style=\"line-height:1.5\"><span style=\"font-size:22px\"><strong>Qini</strong></span></span></p>\r\n\r\n<p>&nbsp;</p>\r\n\r\n<p><span style=\"line-height:2\">Hiện nay Qini đ&atilde; c&oacute; 2 chi nh&aacute;nh hoạt động.</span></p>\r\n\r\n<p><span style=\"line-height:2\">Chi nh&aacute;nh 1: 583 L&ecirc; Quang Định Phường 1 Quận G&ograve; Vấp</span></p>\r\n\r\n<p><span style=\"line-height:2\">Chi nh&aacute;nh 2: 583 Ho&agrave;ng Diệu 2 Phường Linh Trung&nbsp;Quận Thủ Đức</span></p>\r\n\r\n<p><span style=\"line-height:2\">Số điện thoại: 0938 04 00 98</span></p>\r\n\r\n<p><span style=\"line-height:2\">H&atilde;y đến shop ngay để sắm những mẫu thật xinh, thật hot cho m&igrave;nh nh&eacute;.</span></p>\r\n');

-- --------------------------------------------------------

--
-- Table structure for table `table_status`
--

CREATE TABLE `table_status` (
  `id` int(11) NOT NULL,
  `name` varchar(255) COLLATE utf8_unicode_ci DEFAULT NULL
) ENGINE=MyISAM DEFAULT CHARSET=utf8 COLLATE=utf8_unicode_ci;

--
-- Dumping data for table `table_status`
--

INSERT INTO `table_status` (`id`, `name`) VALUES
(1, 'Đơn hàng mới'),
(2, 'Đã xác nhận'),
(3, 'Đang giao hàng'),
(4, 'Hoàn tất'),
(5, 'Đã hủy');

-- --------------------------------------------------------

--
-- Table structure for table `table_user`
--

CREATE TABLE `table_user` (
  `id` int(10) UNSIGNED NOT NULL,
  `id_permission` int(11) DEFAULT '0',
  `username` varchar(225) COLLATE utf8_unicode_ci DEFAULT NULL,
  `password` varchar(225) COLLATE utf8_unicode_ci DEFAULT NULL,
  `options` text COLLATE utf8_unicode_ci,
  `photo` varchar(255) COLLATE utf8_unicode_ci DEFAULT NULL,
  `role` tinyint(3) UNSIGNED DEFAULT '1',
  `status` varchar(100) COLLATE utf8_unicode_ci DEFAULT NULL,
  `date_created` int(11) DEFAULT '0',
  `date_updated` int(11) DEFAULT '0',
  `type` varchar(20) COLLATE utf8_unicode_ci DEFAULT NULL,
  `number` int(11) DEFAULT '1',
  `login_session` varchar(100) COLLATE utf8_unicode_ci DEFAULT NULL,
  `user_token` varchar(100) COLLATE utf8_unicode_ci DEFAULT NULL,
  `lastlogin` varchar(100) COLLATE utf8_unicode_ci DEFAULT NULL
) ENGINE=MyISAM DEFAULT CHARSET=utf8 COLLATE=utf8_unicode_ci;

--
-- Dumping data for table `table_user`
--

INSERT INTO `table_user` (`id`, `id_permission`, `username`, `password`, `options`, `photo`, `role`, `status`, `date_created`, `date_updated`, `type`, `number`, `login_session`, `user_token`, `lastlogin`) VALUES
(1, 0, 'admin', 'd2c44f8beb9e76b7cdb048601d0d33d0', '{\"name\":\"Nguy\\u1ec5n Ho\\u00e0ng Tu\\u1ea5n\",\"email\":\"nhtuan.nina@gmail.com\",\"phone\":\"0939394122\",\"address\":\"B\\u00ecnh Th\\u1ea1nh, TPHCM\"}', NULL, 3, NULL, 0, 0, 'admin', 1, '4c8cfc2d658506ca906f1569a711bafa', 'dc9e50c64a721a385ac721c51a94cd07', '1681629914');

-- --------------------------------------------------------

--
-- Table structure for table `table_user_limit`
--

CREATE TABLE `table_user_limit` (
  `id` int(11) NOT NULL,
  `login_ip` varchar(50) COLLATE utf8_unicode_ci NOT NULL,
  `login_attempts` int(11) DEFAULT '0',
  `attempt_time` int(11) DEFAULT '0',
  `locked_time` int(11) DEFAULT '0'
) ENGINE=InnoDB DEFAULT CHARSET=utf8 COLLATE=utf8_unicode_ci;

--
-- Dumping data for table `table_user_limit`
--

INSERT INTO `table_user_limit` (`id`, `login_ip`, `login_attempts`, `attempt_time`, `locked_time`) VALUES
(1, '::1', 0, 1609912931, 0);

-- --------------------------------------------------------

--
-- Table structure for table `table_user_log`
--

CREATE TABLE `table_user_log` (
  `id` int(11) NOT NULL,
  `id_user` int(11) NOT NULL,
  `ip` varchar(50) COLLATE utf8_unicode_ci NOT NULL,
  `timelog` int(11) NOT NULL,
  `user_agent` text COLLATE utf8_unicode_ci NOT NULL
) ENGINE=InnoDB DEFAULT CHARSET=utf8 COLLATE=utf8_unicode_ci;

--
-- Dumping data for table `table_user_log`
--

INSERT INTO `table_user_log` (`id`, `id_user`, `ip`, `timelog`, `user_agent`) VALUES
(1, 1, '::1', 1609898635, 'Mozilla/5.0 (Windows NT 10.0; Win64; x64) AppleWebKit/537.36 (KHTML, like Gecko) Chrome/87.0.4280.88 Safari/537.36'),
(2, 1, '::1', 1609900122, 'Mozilla/5.0 (Windows NT 10.0; Win64; x64) AppleWebKit/537.36 (KHTML, like Gecko) Chrome/87.0.4280.88 Safari/537.36'),
(3, 1, '::1', 1609900136, 'Mozilla/5.0 (Windows NT 10.0; Win64; x64) AppleWebKit/537.36 (KHTML, like Gecko) Chrome/87.0.4280.88 Safari/537.36'),
(4, 1, '::1', 1609900167, 'Mozilla/5.0 (Windows NT 10.0; Win64; x64) AppleWebKit/537.36 (KHTML, like Gecko) Chrome/87.0.4280.88 Safari/537.36'),
(5, 1, '::1', 1609900175, 'Mozilla/5.0 (Windows NT 10.0; Win64; x64) AppleWebKit/537.36 (KHTML, like Gecko) Chrome/87.0.4280.88 Safari/537.36'),
(6, 1, '::1', 1609917083, 'Mozilla/5.0 (Windows NT 10.0; Win64; x64) AppleWebKit/537.36 (KHTML, like Gecko) Chrome/87.0.4280.88 Safari/537.36'),
(7, 1, '::1', 1609918222, 'Mozilla/5.0 (Windows NT 10.0; Win64; x64) AppleWebKit/537.36 (KHTML, like Gecko) Chrome/87.0.4280.88 Safari/537.36'),
(8, 1, '::1', 1609982381, 'Mozilla/5.0 (Windows NT 10.0; Win64; x64) AppleWebKit/537.36 (KHTML, like Gecko) Chrome/87.0.4280.88 Safari/537.36'),
(9, 1, '::1', 1609982417, 'Mozilla/5.0 (Windows NT 10.0; Win64; x64) AppleWebKit/537.36 (KHTML, like Gecko) Chrome/87.0.4280.88 Safari/537.36'),
(10, 1, '::1', 1610090987, 'Mozilla/5.0 (Windows NT 10.0; Win64; x64) AppleWebKit/537.36 (KHTML, like Gecko) Chrome/87.0.4280.141 Safari/537.36'),
(11, 1, '::1', 1610418506, 'Mozilla/5.0 (Windows NT 10.0; Win64; x64) AppleWebKit/537.36 (KHTML, like Gecko) Chrome/87.0.4280.141 Safari/537.36'),
(12, 1, '::1', 1610618704, 'Mozilla/5.0 (Windows NT 10.0; Win64; x64) AppleWebKit/537.36 (KHTML, like Gecko) Chrome/87.0.4280.141 Safari/537.36'),
(13, 1, '::1', 1611104696, 'Mozilla/5.0 (Windows NT 10.0; Win64; x64) AppleWebKit/537.36 (KHTML, like Gecko) Chrome/87.0.4280.141 Safari/537.36'),
(14, 1, '::1', 1611193562, 'Mozilla/5.0 (Windows NT 10.0; Win64; x64) AppleWebKit/537.36 (KHTML, like Gecko) Chrome/87.0.4280.141 Safari/537.36'),
(15, 1, '::1', 1611648863, 'Mozilla/5.0 (Windows NT 10.0; Win64; x64) AppleWebKit/537.36 (KHTML, like Gecko) Chrome/87.0.4280.141 Safari/537.36'),
(16, 1, '::1', 1611729610, 'Mozilla/5.0 (Windows NT 10.0; Win64; x64) AppleWebKit/537.36 (KHTML, like Gecko) Chrome/87.0.4280.141 Safari/537.36'),
(17, 1, '::1', 1611729615, 'Mozilla/5.0 (Windows NT 10.0; Win64; x64) AppleWebKit/537.36 (KHTML, like Gecko) Chrome/87.0.4280.141 Safari/537.36'),
(18, 1, '::1', 1612143181, 'Mozilla/5.0 (Windows NT 10.0; Win64; x64) AppleWebKit/537.36 (KHTML, like Gecko) Chrome/88.0.4324.104 Safari/537.36'),
(19, 1, '::1', 1613640136, 'Mozilla/5.0 (Windows NT 10.0; Win64; x64) AppleWebKit/537.36 (KHTML, like Gecko) Chrome/88.0.4324.150 Safari/537.36'),
(20, 1, '::1', 1613640146, 'Mozilla/5.0 (Windows NT 10.0; Win64; x64) AppleWebKit/537.36 (KHTML, like Gecko) Chrome/88.0.4324.150 Safari/537.36'),
(21, 1, '::1', 1613640150, 'Mozilla/5.0 (Windows NT 10.0; Win64; x64) AppleWebKit/537.36 (KHTML, like Gecko) Chrome/88.0.4324.150 Safari/537.36'),
(22, 1, '::1', 1613640164, 'Mozilla/5.0 (Windows NT 10.0; Win64; x64) AppleWebKit/537.36 (KHTML, like Gecko) Chrome/88.0.4324.150 Safari/537.36'),
(23, 1, '::1', 1613640198, 'Mozilla/5.0 (Windows NT 10.0; Win64; x64) AppleWebKit/537.36 (KHTML, like Gecko) Chrome/88.0.4324.150 Safari/537.36'),
(24, 1, '::1', 1613640247, 'Mozilla/5.0 (Windows NT 10.0; Win64; x64) AppleWebKit/537.36 (KHTML, like Gecko) Chrome/88.0.4324.150 Safari/537.36'),
(25, 1, '::1', 1613640264, 'Mozilla/5.0 (Windows NT 10.0; Win64; x64) AppleWebKit/537.36 (KHTML, like Gecko) Chrome/88.0.4324.150 Safari/537.36'),
(26, 1, '::1', 1613640295, 'Mozilla/5.0 (Windows NT 10.0; Win64; x64) AppleWebKit/537.36 (KHTML, like Gecko) Chrome/88.0.4324.150 Safari/537.36'),
(27, 1, '::1', 1614056027, 'Mozilla/5.0 (Windows NT 10.0; Win64; x64) AppleWebKit/537.36 (KHTML, like Gecko) Chrome/88.0.4324.182 Safari/537.36'),
(28, 1, '::1', 1614326077, 'Mozilla/5.0 (Windows NT 10.0; Win64; x64) AppleWebKit/537.36 (KHTML, like Gecko) Chrome/88.0.4324.190 Safari/537.36'),
(29, 1, '::1', 1614388218, 'Mozilla/5.0 (Windows NT 10.0; Win64; x64) AppleWebKit/537.36 (KHTML, like Gecko) Chrome/88.0.4324.190 Safari/537.36'),
(30, 1, '::1', 1614740442, 'Mozilla/5.0 (Windows NT 10.0; Win64; x64) AppleWebKit/537.36 (KHTML, like Gecko) Chrome/88.0.4324.190 Safari/537.36'),
(31, 1, '::1', 1616467447, 'Mozilla/5.0 (Windows NT 10.0; Win64; x64) AppleWebKit/537.36 (KHTML, like Gecko) Chrome/89.0.4389.90 Safari/537.36'),
(32, 1, '::1', 1616490699, 'Mozilla/5.0 (Windows NT 10.0; Win64; x64) AppleWebKit/537.36 (KHTML, like Gecko) Chrome/89.0.4389.90 Safari/537.36'),
(33, 1, '::1', 1681396621, 'Mozilla/5.0 (Windows NT 10.0; Win64; x64) AppleWebKit/537.36 (KHTML, like Gecko) Chrome/112.0.0.0 Safari/537.36'),
(34, 1, '::1', 1681481925, 'Mozilla/5.0 (Windows NT 10.0; Win64; x64) AppleWebKit/537.36 (KHTML, like Gecko) Chrome/112.0.0.0 Safari/537.36'),
(35, 1, '::1', 1681561387, 'Mozilla/5.0 (Windows NT 10.0; Win64; x64) AppleWebKit/537.36 (KHTML, like Gecko) Chrome/112.0.0.0 Safari/537.36'),
(36, 1, '::1', 1681612526, 'Mozilla/5.0 (Windows NT 10.0; Win64; x64) AppleWebKit/537.36 (KHTML, like Gecko) Chrome/112.0.0.0 Safari/537.36'),
(37, 1, '::1', 1681628502, 'Mozilla/5.0 (Windows NT 10.0; Win64; x64) AppleWebKit/537.36 (KHTML, like Gecko) Chrome/112.0.0.0 Safari/537.36');

--
-- Indexes for dumped tables
--

--
-- Indexes for table `table_attribute`
--
ALTER TABLE `table_attribute`
  ADD PRIMARY KEY (`id`);

--
-- Indexes for table `table_category`
--
ALTER TABLE `table_category`
  ADD PRIMARY KEY (`id`);

--
-- Indexes for table `table_counter`
--
ALTER TABLE `table_counter`
  ADD PRIMARY KEY (`id`);

--
-- Indexes for table `table_gallery`
--
ALTER TABLE `table_gallery`
  ADD PRIMARY KEY (`id`);

--
-- Indexes for table `table_lang`
--
ALTER TABLE `table_lang`
  ADD PRIMARY KEY (`id`);

--
-- Indexes for table `table_newsletter`
--
ALTER TABLE `table_newsletter`
  ADD PRIMARY KEY (`id`);

--
-- Indexes for table `table_online`
--
ALTER TABLE `table_online`
  ADD PRIMARY KEY (`id`);

--
-- Indexes for table `table_order`
--
ALTER TABLE `table_order`
  ADD PRIMARY KEY (`id`);

--
-- Indexes for table `table_order_detail`
--
ALTER TABLE `table_order_detail`
  ADD PRIMARY KEY (`id`);

--
-- Indexes for table `table_permission`
--
ALTER TABLE `table_permission`
  ADD PRIMARY KEY (`id`);

--
-- Indexes for table `table_permission_detail`
--
ALTER TABLE `table_permission_detail`
  ADD PRIMARY KEY (`id`);

--
-- Indexes for table `table_photo`
--
ALTER TABLE `table_photo`
  ADD PRIMARY KEY (`id`);

--
-- Indexes for table `table_place_city`
--
ALTER TABLE `table_place_city`
  ADD PRIMARY KEY (`id`);

--
-- Indexes for table `table_place_dist`
--
ALTER TABLE `table_place_dist`
  ADD PRIMARY KEY (`id`);

--
-- Indexes for table `table_post`
--
ALTER TABLE `table_post`
  ADD PRIMARY KEY (`id`);

--
-- Indexes for table `table_product`
--
ALTER TABLE `table_product`
  ADD PRIMARY KEY (`id`);

--
-- Indexes for table `table_seo`
--
ALTER TABLE `table_seo`
  ADD PRIMARY KEY (`id`);

--
-- Indexes for table `table_setting`
--
ALTER TABLE `table_setting`
  ADD PRIMARY KEY (`id`);

--
-- Indexes for table `table_static`
--
ALTER TABLE `table_static`
  ADD PRIMARY KEY (`id`);

--
-- Indexes for table `table_status`
--
ALTER TABLE `table_status`
  ADD PRIMARY KEY (`id`);

--
-- Indexes for table `table_user`
--
ALTER TABLE `table_user`
  ADD PRIMARY KEY (`id`);

--
-- Indexes for table `table_user_limit`
--
ALTER TABLE `table_user_limit`
  ADD PRIMARY KEY (`id`);

--
-- Indexes for table `table_user_log`
--
ALTER TABLE `table_user_log`
  ADD PRIMARY KEY (`id`);

--
-- AUTO_INCREMENT for dumped tables
--

--
-- AUTO_INCREMENT for table `table_attribute`
--
ALTER TABLE `table_attribute`
  MODIFY `id` int(10) NOT NULL AUTO_INCREMENT;

--
-- AUTO_INCREMENT for table `table_category`
--
ALTER TABLE `table_category`
  MODIFY `id` int(11) NOT NULL AUTO_INCREMENT, AUTO_INCREMENT=12;

--
-- AUTO_INCREMENT for table `table_counter`
--
ALTER TABLE `table_counter`
  MODIFY `id` int(11) NOT NULL AUTO_INCREMENT, AUTO_INCREMENT=1365;

--
-- AUTO_INCREMENT for table `table_gallery`
--
ALTER TABLE `table_gallery`
  MODIFY `id` int(10) UNSIGNED NOT NULL AUTO_INCREMENT, AUTO_INCREMENT=7;

--
-- AUTO_INCREMENT for table `table_lang`
--
ALTER TABLE `table_lang`
  MODIFY `id` int(10) UNSIGNED NOT NULL AUTO_INCREMENT, AUTO_INCREMENT=84;

--
-- AUTO_INCREMENT for table `table_newsletter`
--
ALTER TABLE `table_newsletter`
  MODIFY `id` int(10) NOT NULL AUTO_INCREMENT;

--
-- AUTO_INCREMENT for table `table_online`
--
ALTER TABLE `table_online`
  MODIFY `id` int(10) UNSIGNED NOT NULL AUTO_INCREMENT, AUTO_INCREMENT=306;

--
-- AUTO_INCREMENT for table `table_order`
--
ALTER TABLE `table_order`
  MODIFY `id` int(11) NOT NULL AUTO_INCREMENT;

--
-- AUTO_INCREMENT for table `table_order_detail`
--
ALTER TABLE `table_order_detail`
  MODIFY `id` int(10) UNSIGNED NOT NULL AUTO_INCREMENT;

--
-- AUTO_INCREMENT for table `table_permission`
--
ALTER TABLE `table_permission`
  MODIFY `id` int(10) UNSIGNED NOT NULL AUTO_INCREMENT;

--
-- AUTO_INCREMENT for table `table_permission_detail`
--
ALTER TABLE `table_permission_detail`
  MODIFY `id` int(11) NOT NULL AUTO_INCREMENT;

--
-- AUTO_INCREMENT for table `table_photo`
--
ALTER TABLE `table_photo`
  MODIFY `id` int(11) UNSIGNED NOT NULL AUTO_INCREMENT, AUTO_INCREMENT=27;

--
-- AUTO_INCREMENT for table `table_place_city`
--
ALTER TABLE `table_place_city`
  MODIFY `id` int(11) NOT NULL AUTO_INCREMENT, AUTO_INCREMENT=64;

--
-- AUTO_INCREMENT for table `table_place_dist`
--
ALTER TABLE `table_place_dist`
  MODIFY `id` int(11) NOT NULL AUTO_INCREMENT, AUTO_INCREMENT=705;

--
-- AUTO_INCREMENT for table `table_post`
--
ALTER TABLE `table_post`
  MODIFY `id` int(10) UNSIGNED NOT NULL AUTO_INCREMENT, AUTO_INCREMENT=11;

--
-- AUTO_INCREMENT for table `table_product`
--
ALTER TABLE `table_product`
  MODIFY `id` int(10) UNSIGNED NOT NULL AUTO_INCREMENT, AUTO_INCREMENT=24;

--
-- AUTO_INCREMENT for table `table_seo`
--
ALTER TABLE `table_seo`
  MODIFY `id` int(10) UNSIGNED NOT NULL AUTO_INCREMENT, AUTO_INCREMENT=22;

--
-- AUTO_INCREMENT for table `table_setting`
--
ALTER TABLE `table_setting`
  MODIFY `id` int(11) NOT NULL AUTO_INCREMENT, AUTO_INCREMENT=2;

--
-- AUTO_INCREMENT for table `table_static`
--
ALTER TABLE `table_static`
  MODIFY `id` int(11) UNSIGNED NOT NULL AUTO_INCREMENT, AUTO_INCREMENT=4;

--
-- AUTO_INCREMENT for table `table_status`
--
ALTER TABLE `table_status`
  MODIFY `id` int(11) NOT NULL AUTO_INCREMENT, AUTO_INCREMENT=6;

--
-- AUTO_INCREMENT for table `table_user`
--
ALTER TABLE `table_user`
  MODIFY `id` int(10) UNSIGNED NOT NULL AUTO_INCREMENT, AUTO_INCREMENT=2;

--
-- AUTO_INCREMENT for table `table_user_limit`
--
ALTER TABLE `table_user_limit`
  MODIFY `id` int(11) NOT NULL AUTO_INCREMENT, AUTO_INCREMENT=2;

--
-- AUTO_INCREMENT for table `table_user_log`
--
ALTER TABLE `table_user_log`
  MODIFY `id` int(11) NOT NULL AUTO_INCREMENT, AUTO_INCREMENT=38;
COMMIT;

/*!40101 SET CHARACTER_SET_CLIENT=@OLD_CHARACTER_SET_CLIENT */;
/*!40101 SET CHARACTER_SET_RESULTS=@OLD_CHARACTER_SET_RESULTS */;
/*!40101 SET COLLATION_CONNECTION=@OLD_COLLATION_CONNECTION */;
